framework              , test                                                         , time     , p95      , p99      , cv       , group          , family                   , metrics                                                                                         
lite                   , avoidablePropagation                                         , 502.37   , 502.37   , 502.37   , 0.000    , baseline       , selective propagation    ,                                                                                                 
lite                   , broadPropagation                                             , 369.15   , 369.15   , 369.15   , 0.000    , baseline       , wide fan-out             ,                                                                                                 
lite                   , deepPropagation                                              , 171.55   , 171.55   , 171.55   , 0.000    , pull           , linear chain             ,                                                                                                 
lite                   , diamond                                                      , 389.61   , 389.61   , 389.61   , 0.000    , baseline       , diamond                  ,                                                                                                 
lite                   , mux                                                          , 401.03   , 401.03   , 401.03   , 0.000    , dynamic        , dynamic branch           ,                                                                                                 
lite                   , repeatedObservers                                            , 129.84   , 129.84   , 129.84   , 0.000    , baseline       , duplicate observer       ,                                                                                                 
lite                   , triangle                                                     , 161.17   , 161.17   , 161.17   , 0.000    , baseline       , glitch-free triangle     ,                                                                                                 
lite                   , unstable                                                     , 139.61   , 139.61   , 139.61   , 0.000    , dynamic        , dynamic dependency churn ,                                                                                                 
lite                   , manyEffectsFromOneSource                                     , 273.03   , 273.03   , 273.03   , 0.000    , push           , wide fan-out             , checksum=180075672000                                                                           
lite                   , manySourcesIntoOneComputedEffectWithDirect                   , 173.97   , 173.97   , 173.97   , 0.000    , pull           , wide fan-in              , checksum=1372929289844                                                                          
lite                   , manySourcesIntoOneComputedEffect                             , 168.24   , 168.24   , 168.24   , 0.000    , pull           , wide fan-in              , checksum=1331323690944                                                                          
lite                   , manySourcesIntoOneDirectEffect                               , 85.22    , 85.22    , 85.22    , 0.000    , pull           , wide fan-in              , checksum=41605598900                                                                            
lite                   , molBench                                                     , 448.99   , 448.99   , 448.99   , 0.000    , dynamic        , mixed app graph          ,                                                                                                 
lite                   , createDataSignals                                            , 13.59    , 13.59    , 13.59    , 0.000    , creation       , signal creation          ,                                                                                                 
lite                   , createComputations0to1                                       , 26.91    , 26.91    , 26.91    , 0.000    , creation       , computed creation        ,                                                                                                 
lite                   , createComputations1to1                                       , 16.19    , 16.19    , 16.19    , 0.000    , creation       , computed creation        ,                                                                                                 
lite                   , createComputations2to1                                       , 14.30    , 14.30    , 14.30    , 0.000    , creation       , computed creation        ,                                                                                                 
lite                   , createComputations4to1                                       , 12.37    , 12.37    , 12.37    , 0.000    , creation       , computed creation        ,                                                                                                 
lite                   , createComputations1000to1                                    , 0.16     , 0.16     , 0.16     , 0.000    , creation       , computed creation        ,                                                                                                 
lite                   , createComputations1to2                                       , 55.61    , 55.61    , 55.61    , 0.000    , creation       , computed creation        ,                                                                                                 
lite                   , createComputations1to4                                       , 28.70    , 28.70    , 28.70    , 0.000    , creation       , computed creation        ,                                                                                                 
lite                   , createComputations1to8                                       , 47.21    , 47.21    , 47.21    , 0.000    , creation       , computed creation        ,                                                                                                 
lite                   , createComputations1to1000                                    , 16.84    , 16.84    , 16.84    , 0.000    , creation       , computed creation        ,                                                                                                 
lite                   , updateComputations1to1                                       , 5.15     , 5.15     , 5.15     , 0.000    , update         , stable update            ,                                                                                                 
lite                   , updateComputations2to1                                       , 4.47     , 4.47     , 4.47     , 0.000    , update         , stable update            ,                                                                                                 
lite                   , updateComputations4to1                                       , 3.35     , 3.35     , 3.35     , 0.000    , update         , stable update            ,                                                                                                 
lite                   , updateComputations1000to1                                    , 0.32     , 0.32     , 0.32     , 0.000    , update         , stable update            ,                                                                                                 
lite                   , updateComputations1to2                                       , 6.68     , 6.68     , 6.68     , 0.000    , update         , stable update            ,                                                                                                 
lite                   , updateComputations1to4                                       , 4.19     , 4.19     , 4.19     , 0.000    , update         , stable update            ,                                                                                                 
lite                   , updateComputations1to1000                                    , 0.65     , 0.65     , 0.65     , 0.000    , update         , stable update            ,                                                                                                 
lite                   , 64x6 - 4 sources - dynamic - read 12% (dashboard selective r , 888.89   , 888.89   , 888.89   , 0.000    , dynamic        , dynamic rectangular DAG  , nodesRecomputed=2642029 nodesVisited=2642029 edgesTraversed=10568081 sinkReads=960008           
lite                   , 24x8 - 3 sources - dynamic - read 40% (editor derived state) , 755.51   , 755.51   , 755.51   , 0.000    , dynamic        , dynamic rectangular DAG  , nodesRecomputed=4736332 nodesVisited=4736332 edgesTraversed=14208887 sinkReads=900010           
lite                   , 120x7 - 5 sources - dynamic - read 18% (kanban board)        , 902.13   , 902.13   , 902.13   , 0.000    , dynamic        , dynamic rectangular DAG  , nodesRecomputed=1765496 nodesVisited=1765496 edgesTraversed=8827231 sinkReads=660022            
lite                   , 40x10 - 4 sources - dynamic - read 60% (entity detail page)  , 799.03   , 799.03   , 799.03   , 0.000    , dynamic        , dynamic rectangular DAG  , nodesRecomputed=3984210 nodesVisited=3984210 edgesTraversed=15936789 sinkReads=720024           
lite                   , 256->512x32 - fanIn 4 - layered-dag - 4 sources (layered ful , 207.98   , 207.98   , 207.98   , 0.000    , large_graph    , layered DAG              , nodesRecomputed=249624 nodesVisited=249624 edgesTraversed=998496 sinkReads=61952                
lite                   , 256->512x32 - fanIn 4 - layered-dag - 4 sources - warm 320 ( , 193.83   , 193.83   , 193.83   , 0.000    , large_graph    , layered DAG              , nodesRecomputed=235200 nodesVisited=235200 edgesTraversed=940800 sinkReads=61952                
lite                   , 256->512x32 - fanIn 8 - layered-dag - 8 sources - burst 16 - , 1861.29  , 1861.29  , 1861.29  , 0.000    , large_graph    , layered DAG              , nodesRecomputed=1529088 nodesVisited=1529088 edgesTraversed=12232704 sinkReads=49664            
lite                   , 256->512x32 - fanIn 8 - diamond-mesh - 8 sources - warm 256  , 60.93    , 60.93    , 60.93    , 0.000    , large_graph    , diamond mesh             , nodesRecomputed=24576 nodesVisited=24576 edgesTraversed=196608 sinkReads=49664                  
lite                   , 32x8 - 4 sources - pull (pure pull)                          , 79.22    , 79.22    , 79.22    , 0.000    , pull           , stable rectangular DAG   , nodesRecomputed=224 nodesVisited=224 edgesTraversed=896 sinkReads=32                            
lite                   , 8x64 - 1 sources - pull (linear chain - 1 source - pull (lin , 79.05    , 79.05    , 79.05    , 0.000    , pull           , stable rectangular DAG   , nodesRecomputed=504 nodesVisited=504 edgesTraversed=504 sinkReads=8                             
lite                   , 64x4 - 8 sources - pull (wide tree - 8 sources - pull (branc , 79.32    , 79.32    , 79.32    , 0.000    , pull           , stable rectangular DAG   , nodesRecomputed=192 nodesVisited=192 edgesTraversed=1536 sinkReads=64                           
lite                   , 32x8 - 4 sources - push (pure push)                          , 207.54   , 207.54   , 207.54   , 0.000    , pull           , stable rectangular DAG   , nodesRecomputed=910133 nodesVisited=910133 edgesTraversed=3640532 sinkReads=220010              
lite                   , 10x5 - 2 sources - read 20% (simple component)               , 362.60   , 362.60   , 362.60   , 0.000    , pull           , stable rectangular DAG   , nodesRecomputed=3180010 nodesVisited=3180010 edgesTraversed=6360020 sinkReads=1200002           
lite                   , 10x10 - 6 sources - dynamic - read 20% (dynamic component)   , 240.92   , 240.92   , 240.92   , 0.000    , dynamic        , dynamic rectangular DAG  , nodesRecomputed=1140004 nodesVisited=1140004 edgesTraversed=6839936 sinkReads=30002             
lite                   , 1000x12 - 4 sources - dynamic (large web app)                , 2923.53  , 2923.53  , 2923.53  , 0.000    , dynamic        , dynamic rectangular DAG  , nodesRecomputed=1473786 nodesVisited=1473786 edgesTraversed=5891713 sinkReads=7001000           
lite                   , 1000x5 - 25 sources (wide dense)                             , 2557.66  , 2557.66  , 2557.66  , 0.000    , pull           , stable rectangular DAG   , nodesRecomputed=735756 nodesVisited=735756 edgesTraversed=18393900 sinkReads=3001000            
lite                   , 5x500 - 3 sources (deep)                                     , 213.56   , 213.56   , 213.56   , 0.000    , pull           , stable rectangular DAG   , nodesRecomputed=1246502 nodesVisited=1246502 edgesTraversed=3739506 sinkReads=2505              
reflex                 , avoidablePropagation                                         , 485.82   , 485.82   , 485.82   , 0.000    , baseline       , selective propagation    ,                                                                                                 
reflex                 , broadPropagation                                             , 392.31   , 392.31   , 392.31   , 0.000    , baseline       , wide fan-out             ,                                                                                                 
reflex                 , deepPropagation                                              , 172.44   , 172.44   , 172.44   , 0.000    , pull           , linear chain             ,                                                                                                 
reflex                 , diamond                                                      , 437.34   , 437.34   , 437.34   , 0.000    , baseline       , diamond                  ,                                                                                                 
reflex                 , mux                                                          , 420.05   , 420.05   , 420.05   , 0.000    , dynamic        , dynamic branch           ,                                                                                                 
reflex                 , repeatedObservers                                            , 112.66   , 112.66   , 112.66   , 0.000    , baseline       , duplicate observer       ,                                                                                                 
reflex                 , triangle                                                     , 160.94   , 160.94   , 160.94   , 0.000    , baseline       , glitch-free triangle     ,                                                                                                 
reflex                 , unstable                                                     , 124.27   , 124.27   , 124.27   , 0.000    , dynamic        , dynamic dependency churn ,                                                                                                 
reflex                 , manyEffectsFromOneSource                                     , 290.58   , 290.58   , 290.58   , 0.000    , push           , wide fan-out             , checksum=180075672000                                                                           
reflex                 , manySourcesIntoOneComputedEffectWithDirect                   , 174.04   , 174.04   , 174.04   , 0.000    , pull           , wide fan-in              , checksum=1372929289844                                                                          
reflex                 , manySourcesIntoOneComputedEffect                             , 165.62   , 165.62   , 165.62   , 0.000    , pull           , wide fan-in              , checksum=1331323690944                                                                          
reflex                 , manySourcesIntoOneDirectEffect                               , 82.18    , 82.18    , 82.18    , 0.000    , pull           , wide fan-in              , checksum=41605598900                                                                            
reflex                 , molBench                                                     , 398.79   , 398.79   , 398.79   , 0.000    , dynamic        , mixed app graph          ,                                                                                                 
reflex                 , createDataSignals                                            , 4.85     , 4.85     , 4.85     , 0.000    , creation       , signal creation          ,                                                                                                 
reflex                 , createComputations0to1                                       , 3.00     , 3.00     , 3.00     , 0.000    , creation       , computed creation        ,                                                                                                 
reflex                 , createComputations1to1                                       , 0.79     , 0.79     , 0.79     , 0.000    , creation       , computed creation        ,                                                                                                 
reflex                 , createComputations2to1                                       , 2.95     , 2.95     , 2.95     , 0.000    , creation       , computed creation        ,                                                                                                 
reflex                 , createComputations4to1                                       , 3.49     , 3.49     , 3.49     , 0.000    , creation       , computed creation        ,                                                                                                 
reflex                 , createComputations1000to1                                    , 0.07     , 0.07     , 0.07     , 0.000    , creation       , computed creation        ,                                                                                                 
reflex                 , createComputations1to2                                       , 3.75     , 3.75     , 3.75     , 0.000    , creation       , computed creation        ,                                                                                                 
reflex                 , createComputations1to4                                       , 3.52     , 3.52     , 3.52     , 0.000    , creation       , computed creation        ,                                                                                                 
reflex                 , createComputations1to8                                       , 4.33     , 4.33     , 4.33     , 0.000    , creation       , computed creation        ,                                                                                                 
reflex                 , createComputations1to1000                                    , 3.34     , 3.34     , 3.34     , 0.000    , creation       , computed creation        ,                                                                                                 
reflex                 , updateComputations1to1                                       , 5.60     , 5.60     , 5.60     , 0.000    , update         , stable update            ,                                                                                                 
reflex                 , updateComputations2to1                                       , 3.44     , 3.44     , 3.44     , 0.000    , update         , stable update            ,                                                                                                 
reflex                 , updateComputations4to1                                       , 2.19     , 2.19     , 2.19     , 0.000    , update         , stable update            ,                                                                                                 
reflex                 , updateComputations1000to1                                    , 0.32     , 0.32     , 0.32     , 0.000    , update         , stable update            ,                                                                                                 
reflex                 , updateComputations1to2                                       , 2.41     , 2.41     , 2.41     , 0.000    , update         , stable update            ,                                                                                                 
reflex                 , updateComputations1to4                                       , 1.49     , 1.49     , 1.49     , 0.000    , update         , stable update            ,                                                                                                 
reflex                 , updateComputations1to1000                                    , 0.29     , 0.29     , 0.29     , 0.000    , update         , stable update            ,                                                                                                 
reflex                 , 64x6 - 4 sources - dynamic - read 12% (dashboard selective r , 348.99   , 348.99   , 348.99   , 0.000    , dynamic        , dynamic rectangular DAG  , nodesRecomputed=2642029 nodesVisited=2642029 edgesTraversed=10568081 sinkReads=960008           
reflex                 , 24x8 - 3 sources - dynamic - read 40% (editor derived state) , 506.81   , 506.81   , 506.81   , 0.000    , dynamic        , dynamic rectangular DAG  , nodesRecomputed=4736332 nodesVisited=4736332 edgesTraversed=14208887 sinkReads=900010           
reflex                 , 120x7 - 5 sources - dynamic - read 18% (kanban board)        , 294.04   , 294.04   , 294.04   , 0.000    , dynamic        , dynamic rectangular DAG  , nodesRecomputed=1765496 nodesVisited=1765496 edgesTraversed=8827231 sinkReads=660022            
reflex                 , 40x10 - 4 sources - dynamic - read 60% (entity detail page)  , 518.60   , 518.60   , 518.60   , 0.000    , dynamic        , dynamic rectangular DAG  , nodesRecomputed=3984210 nodesVisited=3984210 edgesTraversed=15936789 sinkReads=720024           
reflex                 , 256->512x32 - fanIn 4 - layered-dag - 4 sources (layered ful , 90.49    , 90.49    , 90.49    , 0.000    , large_graph    , layered DAG              , nodesRecomputed=249624 nodesVisited=249624 edgesTraversed=998496 sinkReads=61952                
reflex                 , 256->512x32 - fanIn 4 - layered-dag - 4 sources - warm 320 ( , 80.09    , 80.09    , 80.09    , 0.000    , large_graph    , layered DAG              , nodesRecomputed=235200 nodesVisited=235200 edgesTraversed=940800 sinkReads=61952                
reflex                 , 256->512x32 - fanIn 8 - layered-dag - 8 sources - burst 16 - , 1343.62  , 1343.62  , 1343.62  , 0.000    , large_graph    , layered DAG              , nodesRecomputed=1529088 nodesVisited=1529088 edgesTraversed=12232704 sinkReads=49664            
reflex                 , 256->512x32 - fanIn 8 - diamond-mesh - 8 sources - warm 256  , 6.91     , 6.91     , 6.91     , 0.000    , large_graph    , diamond mesh             , nodesRecomputed=24576 nodesVisited=24576 edgesTraversed=196608 sinkReads=49664                  
reflex                 , 32x8 - 4 sources - pull (pure pull)                          , 37.35    , 37.35    , 37.35    , 0.000    , pull           , stable rectangular DAG   , nodesRecomputed=224 nodesVisited=224 edgesTraversed=896 sinkReads=32                            
reflex                 , 8x64 - 1 sources - pull (linear chain - 1 source - pull (lin , 79.98    , 79.98    , 79.98    , 0.000    , pull           , stable rectangular DAG   , nodesRecomputed=504 nodesVisited=504 edgesTraversed=504 sinkReads=8                             
reflex                 , 64x4 - 8 sources - pull (wide tree - 8 sources - pull (branc , 37.96    , 37.96    , 37.96    , 0.000    , pull           , stable rectangular DAG   , nodesRecomputed=192 nodesVisited=192 edgesTraversed=1536 sinkReads=64                           
reflex                 , 32x8 - 4 sources - push (pure push)                          , 156.43   , 156.43   , 156.43   , 0.000    , pull           , stable rectangular DAG   , nodesRecomputed=910133 nodesVisited=910133 edgesTraversed=3640532 sinkReads=220010              
reflex                 , 10x5 - 2 sources - read 20% (simple component)               , 268.75   , 268.75   , 268.75   , 0.000    , pull           , stable rectangular DAG   , nodesRecomputed=3180010 nodesVisited=3180010 edgesTraversed=6360020 sinkReads=1200002           
reflex                 , 10x10 - 6 sources - dynamic - read 20% (dynamic component)   , 237.51   , 237.51   , 237.51   , 0.000    , dynamic        , dynamic rectangular DAG  , nodesRecomputed=1140004 nodesVisited=1140004 edgesTraversed=6839936 sinkReads=30002             
reflex                 , 1000x12 - 4 sources - dynamic (large web app)                , 349.09   , 349.09   , 349.09   , 0.000    , dynamic        , dynamic rectangular DAG  , nodesRecomputed=1473786 nodesVisited=1473786 edgesTraversed=5891713 sinkReads=7001000           
reflex                 , 1000x5 - 25 sources (wide dense)                             , 543.11   , 543.11   , 543.11   , 0.000    , pull           , stable rectangular DAG   , nodesRecomputed=735756 nodesVisited=735756 edgesTraversed=18393900 sinkReads=3001000            
reflex                 , 5x500 - 3 sources (deep)                                     , 202.94   , 202.94   , 202.94   , 0.000    , pull           , stable rectangular DAG   , nodesRecomputed=1246502 nodesVisited=1246502 edgesTraversed=3739506 sinkReads=2505              
alien-signals          , avoidablePropagation                                         , 431.07   , 431.07   , 431.07   , 0.000    , baseline       , selective propagation    ,                                                                                                 
alien-signals          , broadPropagation                                             , 404.06   , 404.06   , 404.06   , 0.000    , baseline       , wide fan-out             ,                                                                                                 
alien-signals          , deepPropagation                                              , 168.82   , 168.82   , 168.82   , 0.000    , pull           , linear chain             ,                                                                                                 
alien-signals          , diamond                                                      , 390.23   , 390.23   , 390.23   , 0.000    , baseline       , diamond                  ,                                                                                                 
alien-signals          , mux                                                          , 383.40   , 383.40   , 383.40   , 0.000    , dynamic        , dynamic branch           ,                                                                                                 
alien-signals          , repeatedObservers                                            , 113.69   , 113.69   , 113.69   , 0.000    , baseline       , duplicate observer       ,                                                                                                 
alien-signals          , triangle                                                     , 171.76   , 171.76   , 171.76   , 0.000    , baseline       , glitch-free triangle     ,                                                                                                 
alien-signals          , unstable                                                     , 138.43   , 138.43   , 138.43   , 0.000    , dynamic        , dynamic dependency churn ,                                                                                                 
alien-signals          , manyEffectsFromOneSource                                     , 295.70   , 295.70   , 295.70   , 0.000    , push           , wide fan-out             , checksum=180075672000                                                                           
alien-signals          , manySourcesIntoOneComputedEffectWithDirect                   , 194.51   , 194.51   , 194.51   , 0.000    , pull           , wide fan-in              , checksum=1372929289844                                                                          
alien-signals          , manySourcesIntoOneComputedEffect                             , 198.62   , 198.62   , 198.62   , 0.000    , pull           , wide fan-in              , checksum=1331323690944                                                                          
alien-signals          , manySourcesIntoOneDirectEffect                               , 86.47    , 86.47    , 86.47    , 0.000    , pull           , wide fan-in              , checksum=41605598900                                                                            
alien-signals          , molBench                                                     , 402.55   , 402.55   , 402.55   , 0.000    , dynamic        , mixed app graph          ,                                                                                                 
alien-signals          , createDataSignals                                            , 3.92     , 3.92     , 3.92     , 0.000    , creation       , signal creation          ,                                                                                                 
alien-signals          , createComputations0to1                                       , 3.63     , 3.63     , 3.63     , 0.000    , creation       , computed creation        ,                                                                                                 
alien-signals          , createComputations1to1                                       , 0.58     , 0.58     , 0.58     , 0.000    , creation       , computed creation        ,                                                                                                 
alien-signals          , createComputations2to1                                       , 3.26     , 3.26     , 3.26     , 0.000    , creation       , computed creation        ,                                                                                                 
alien-signals          , createComputations4to1                                       , 2.77     , 2.77     , 2.77     , 0.000    , creation       , computed creation        ,                                                                                                 
alien-signals          , createComputations1000to1                                    , 0.09     , 0.09     , 0.09     , 0.000    , creation       , computed creation        ,                                                                                                 
alien-signals          , createComputations1to2                                       , 3.02     , 3.02     , 3.02     , 0.000    , creation       , computed creation        ,                                                                                                 
alien-signals          , createComputations1to4                                       , 2.50     , 2.50     , 2.50     , 0.000    , creation       , computed creation        ,                                                                                                 
alien-signals          , createComputations1to8                                       , 3.67     , 3.67     , 3.67     , 0.000    , creation       , computed creation        ,                                                                                                 
alien-signals          , createComputations1to1000                                    , 2.85     , 2.85     , 2.85     , 0.000    , creation       , computed creation        ,                                                                                                 
alien-signals          , updateComputations1to1                                       , 4.41     , 4.41     , 4.41     , 0.000    , update         , stable update            ,                                                                                                 
alien-signals          , updateComputations2to1                                       , 2.69     , 2.69     , 2.69     , 0.000    , update         , stable update            ,                                                                                                 
alien-signals          , updateComputations4to1                                       , 1.86     , 1.86     , 1.86     , 0.000    , update         , stable update            ,                                                                                                 
alien-signals          , updateComputations1000to1                                    , 0.08     , 0.08     , 0.08     , 0.000    , update         , stable update            ,                                                                                                 
alien-signals          , updateComputations1to2                                       , 2.34     , 2.34     , 2.34     , 0.000    , update         , stable update            ,                                                                                                 
alien-signals          , updateComputations1to4                                       , 2.10     , 2.10     , 2.10     , 0.000    , update         , stable update            ,                                                                                                 
alien-signals          , updateComputations1to1000                                    , 0.21     , 0.21     , 0.21     , 0.000    , update         , stable update            ,                                                                                                 
alien-signals          , 64x6 - 4 sources - dynamic - read 12% (dashboard selective r , 325.02   , 325.02   , 325.02   , 0.000    , dynamic        , dynamic rectangular DAG  , nodesRecomputed=2642029 nodesVisited=2642029 edgesTraversed=10568081 sinkReads=960008           
alien-signals          , 24x8 - 3 sources - dynamic - read 40% (editor derived state) , 466.57   , 466.57   , 466.57   , 0.000    , dynamic        , dynamic rectangular DAG  , nodesRecomputed=4736332 nodesVisited=4736332 edgesTraversed=14208887 sinkReads=900010           
alien-signals          , 120x7 - 5 sources - dynamic - read 18% (kanban board)        , 277.70   , 277.70   , 277.70   , 0.000    , dynamic        , dynamic rectangular DAG  , nodesRecomputed=1765496 nodesVisited=1765496 edgesTraversed=8827231 sinkReads=660022            
alien-signals          , 40x10 - 4 sources - dynamic - read 60% (entity detail page)  , 498.09   , 498.09   , 498.09   , 0.000    , dynamic        , dynamic rectangular DAG  , nodesRecomputed=3984210 nodesVisited=3984210 edgesTraversed=15936789 sinkReads=720024           
alien-signals          , 256->512x32 - fanIn 4 - layered-dag - 4 sources (layered ful , 82.29    , 82.29    , 82.29    , 0.000    , large_graph    , layered DAG              , nodesRecomputed=249624 nodesVisited=249624 edgesTraversed=998496 sinkReads=61952                
alien-signals          , 256->512x32 - fanIn 4 - layered-dag - 4 sources - warm 320 ( , 79.90    , 79.90    , 79.90    , 0.000    , large_graph    , layered DAG              , nodesRecomputed=235200 nodesVisited=235200 edgesTraversed=940800 sinkReads=61952                
alien-signals          , 256->512x32 - fanIn 8 - layered-dag - 8 sources - burst 16 - , 1239.13  , 1239.13  , 1239.13  , 0.000    , large_graph    , layered DAG              , nodesRecomputed=1529088 nodesVisited=1529088 edgesTraversed=12232704 sinkReads=49664            
alien-signals          , 256->512x32 - fanIn 8 - diamond-mesh - 8 sources - warm 256  , 6.14     , 6.14     , 6.14     , 0.000    , large_graph    , diamond mesh             , nodesRecomputed=24576 nodesVisited=24576 edgesTraversed=196608 sinkReads=49664                  
alien-signals          , 32x8 - 4 sources - pull (pure pull)                          , 39.58    , 39.58    , 39.58    , 0.000    , pull           , stable rectangular DAG   , nodesRecomputed=224 nodesVisited=224 edgesTraversed=896 sinkReads=32                            
alien-signals          , 8x64 - 1 sources - pull (linear chain - 1 source - pull (lin , 38.73    , 38.73    , 38.73    , 0.000    , pull           , stable rectangular DAG   , nodesRecomputed=504 nodesVisited=504 edgesTraversed=504 sinkReads=8                             
alien-signals          , 64x4 - 8 sources - pull (wide tree - 8 sources - pull (branc , 38.05    , 38.05    , 38.05    , 0.000    , pull           , stable rectangular DAG   , nodesRecomputed=192 nodesVisited=192 edgesTraversed=1536 sinkReads=64                           
alien-signals          , 32x8 - 4 sources - push (pure push)                          , 145.06   , 145.06   , 145.06   , 0.000    , pull           , stable rectangular DAG   , nodesRecomputed=910133 nodesVisited=910133 edgesTraversed=3640532 sinkReads=220010              
alien-signals          , 10x5 - 2 sources - read 20% (simple component)               , 238.30   , 238.30   , 238.30   , 0.000    , pull           , stable rectangular DAG   , nodesRecomputed=3180010 nodesVisited=3180010 edgesTraversed=6360020 sinkReads=1200002           
alien-signals          , 10x10 - 6 sources - dynamic - read 20% (dynamic component)   , 219.64   , 219.64   , 219.64   , 0.000    , dynamic        , dynamic rectangular DAG  , nodesRecomputed=1140004 nodesVisited=1140004 edgesTraversed=6839936 sinkReads=30002             
alien-signals          , 1000x12 - 4 sources - dynamic (large web app)                , 367.76   , 367.76   , 367.76   , 0.000    , dynamic        , dynamic rectangular DAG  , nodesRecomputed=1473786 nodesVisited=1473786 edgesTraversed=5891713 sinkReads=7001000           
alien-signals          , 1000x5 - 25 sources (wide dense)                             , 514.19   , 514.19   , 514.19   , 0.000    , pull           , stable rectangular DAG   , nodesRecomputed=735756 nodesVisited=735756 edgesTraversed=18393900 sinkReads=3001000            
alien-signals          , 5x500 - 3 sources (deep)                                     , 169.39   , 169.39   , 169.39   , 0.000    , pull           , stable rectangular DAG   , nodesRecomputed=1246502 nodesVisited=1246502 edgesTraversed=3739506 sinkReads=2505              
@solidjs/signals       , avoidablePropagation                                         , 1135.00  , 1135.00  , 1135.00  , 0.000    , baseline       , selective propagation    ,                                                                                                 
@solidjs/signals       , broadPropagation                                             , 2155.30  , 2155.30  , 2155.30  , 0.000    , baseline       , wide fan-out             ,                                                                                                 
@solidjs/signals       , deepPropagation                                              , 684.33   , 684.33   , 684.33   , 0.000    , pull           , linear chain             ,                                                                                                 
@solidjs/signals       , diamond                                                      , 1468.98  , 1468.98  , 1468.98  , 0.000    , baseline       , diamond                  ,                                                                                                 
@solidjs/signals       , mux                                                          , 697.08   , 697.08   , 697.08   , 0.000    , dynamic        , dynamic branch           ,                                                                                                 
@solidjs/signals       , repeatedObservers                                            , 341.88   , 341.88   , 341.88   , 0.000    , baseline       , duplicate observer       ,                                                                                                 
@solidjs/signals       , triangle                                                     , 507.96   , 507.96   , 507.96   , 0.000    , baseline       , glitch-free triangle     ,                                                                                                 
@solidjs/signals       , unstable                                                     , 411.89   , 411.89   , 411.89   , 0.000    , dynamic        , dynamic dependency churn ,                                                                                                 
@solidjs/signals       , manyEffectsFromOneSource                                     , 1604.75  , 1604.75  , 1604.75  , 0.000    , push           , wide fan-out             , checksum=180075672000                                                                           
@solidjs/signals       , manySourcesIntoOneComputedEffectWithDirect                   , 463.08   , 463.08   , 463.08   , 0.000    , pull           , wide fan-in              , checksum=1372929289844                                                                          
@solidjs/signals       , manySourcesIntoOneComputedEffect                             , 445.99   , 445.99   , 445.99   , 0.000    , pull           , wide fan-in              , checksum=1331323690944                                                                          
@solidjs/signals       , manySourcesIntoOneDirectEffect                               , 146.21   , 146.21   , 146.21   , 0.000    , pull           , wide fan-in              , checksum=41605598900                                                                            
@solidjs/signals       , molBench                                                     , 582.50   , 582.50   , 582.50   , 0.000    , dynamic        , mixed app graph          ,                                                                                                 
@solidjs/signals       , createDataSignals                                            , 7.68     , 7.68     , 7.68     , 0.000    , creation       , signal creation          ,                                                                                                 
@solidjs/signals       , createComputations0to1                                       , 26.49    , 26.49    , 26.49    , 0.000    , creation       , computed creation        ,                                                                                                 
@solidjs/signals       , createComputations1to1                                       , 25.24    , 25.24    , 25.24    , 0.000    , creation       , computed creation        ,                                                                                                 
@solidjs/signals       , createComputations2to1                                       , 26.33    , 26.33    , 26.33    , 0.000    , creation       , computed creation        ,                                                                                                 
@solidjs/signals       , createComputations4to1                                       , 25.18    , 25.18    , 25.18    , 0.000    , creation       , computed creation        ,                                                                                                 
@solidjs/signals       , createComputations1000to1                                    , 21.42    , 21.42    , 21.42    , 0.000    , creation       , computed creation        ,                                                                                                 
@solidjs/signals       , createComputations1to2                                       , 25.36    , 25.36    , 25.36    , 0.000    , creation       , computed creation        ,                                                                                                 
@solidjs/signals       , createComputations1to4                                       , 23.42    , 23.42    , 23.42    , 0.000    , creation       , computed creation        ,                                                                                                 
@solidjs/signals       , createComputations1to8                                       , 35.91    , 35.91    , 35.91    , 0.000    , creation       , computed creation        ,                                                                                                 
@solidjs/signals       , createComputations1to1000                                    , 37.43    , 37.43    , 37.43    , 0.000    , creation       , computed creation        ,                                                                                                 
@solidjs/signals       , updateComputations1to1                                       , 11.42    , 11.42    , 11.42    , 0.000    , update         , stable update            ,                                                                                                 
@solidjs/signals       , updateComputations2to1                                       , 8.21     , 8.21     , 8.21     , 0.000    , update         , stable update            ,                                                                                                 
@solidjs/signals       , updateComputations4to1                                       , 6.09     , 6.09     , 6.09     , 0.000    , update         , stable update            ,                                                                                                 
@solidjs/signals       , updateComputations1000to1                                    , 1.22     , 1.22     , 1.22     , 0.000    , update         , stable update            ,                                                                                                 
@solidjs/signals       , updateComputations1to2                                       , 8.47     , 8.47     , 8.47     , 0.000    , update         , stable update            ,                                                                                                 
@solidjs/signals       , updateComputations1to4                                       , 7.07     , 7.07     , 7.07     , 0.000    , update         , stable update            ,                                                                                                 
@solidjs/signals       , updateComputations1to1000                                    , 5.72     , 5.72     , 5.72     , 0.000    , update         , stable update            ,                                                                                                 
@solidjs/signals       , 64x6 - 4 sources - dynamic - read 12% (dashboard selective r , 1899.51  , 1899.51  , 1899.51  , 0.000    , dynamic        , dynamic rectangular DAG  , nodesRecomputed=6000270 nodesVisited=6000270 edgesTraversed=24001017 sinkReads=960008 fallbackCo
@solidjs/signals       , 24x8 - 3 sources - dynamic - read 40% (editor derived state) , 1486.71  , 1486.71  , 1486.71  , 0.000    , dynamic        , dynamic rectangular DAG  , nodesRecomputed=5670087 nodesVisited=5670087 edgesTraversed=17010146 sinkReads=900010 fallbackCo
@solidjs/signals       , 120x7 - 5 sources - dynamic - read 18% (kanban board)        , 968.68   , 968.68   , 968.68   , 0.000    , dynamic        , dynamic rectangular DAG  , nodesRecomputed=2700620 nodesVisited=2700620 edgesTraversed=13502767 sinkReads=660022 fallbackCo
@solidjs/signals       , 40x10 - 4 sources - dynamic - read 60% (entity detail page)  , 1365.54  , 1365.54  , 1365.54  , 0.000    , dynamic        , dynamic rectangular DAG  , nodesRecomputed=4320213 nodesVisited=4320213 edgesTraversed=17280788 sinkReads=720024 fallbackCo
@solidjs/signals       , 256->512x32 - fanIn 4 - layered-dag - 4 sources (layered ful , 174.26   , 174.26   , 174.26   , 0.000    , large_graph    , layered DAG              , nodesRecomputed=233240 nodesVisited=233240 edgesTraversed=932960 sinkReads=61952 fallbackCount=0
@solidjs/signals       , 256->512x32 - fanIn 4 - layered-dag - 4 sources - warm 320 ( , 194.83   , 194.83   , 194.83   , 0.000    , large_graph    , layered DAG              , nodesRecomputed=235200 nodesVisited=235200 edgesTraversed=940800 sinkReads=61952 fallbackCount=0
@solidjs/signals       , 256->512x32 - fanIn 8 - layered-dag - 8 sources - burst 16 - , 1773.08  , 1773.08  , 1773.08  , 0.000    , large_graph    , layered DAG              , nodesRecomputed=1529088 nodesVisited=1529088 edgesTraversed=12232704 sinkReads=49664 fallbackCou
@solidjs/signals       , 256->512x32 - fanIn 8 - diamond-mesh - 8 sources - warm 256  , 22.46    , 22.46    , 22.46    , 0.000    , large_graph    , diamond mesh             , nodesRecomputed=24576 nodesVisited=24576 edgesTraversed=196608 sinkReads=49664 fallbackCount=0 h
@solidjs/signals       , 32x8 - 4 sources - pull (pure pull)                          , 42.80    , 42.80    , 42.80    , 0.000    , pull           , stable rectangular DAG   , nodesRecomputed=448 nodesVisited=448 edgesTraversed=1792 sinkReads=32 fallbackCount=0 heightAdju
@solidjs/signals       , 8x64 - 1 sources - pull (linear chain - 1 source - pull (lin , 81.80    , 81.80    , 81.80    , 0.000    , pull           , stable rectangular DAG   , nodesRecomputed=1008 nodesVisited=1008 edgesTraversed=1008 sinkReads=8 fallbackCount=0 heightAdj
@solidjs/signals       , 64x4 - 8 sources - pull (wide tree - 8 sources - pull (branc , 44.47    , 44.47    , 44.47    , 0.000    , pull           , stable rectangular DAG   , nodesRecomputed=384 nodesVisited=384 edgesTraversed=3072 sinkReads=64 fallbackCount=0 heightAdju
@solidjs/signals       , 32x8 - 4 sources - push (pure push)                          , 480.94   , 480.94   , 480.94   , 0.000    , pull           , stable rectangular DAG   , nodesRecomputed=910133 nodesVisited=910133 edgesTraversed=3640532 sinkReads=220010 fallbackCount
@solidjs/signals       , 10x5 - 2 sources - read 20% (simple component)               , 1892.99  , 1892.99  , 1892.99  , 0.000    , pull           , stable rectangular DAG   , nodesRecomputed=8400026 nodesVisited=8400026 edgesTraversed=16800052 sinkReads=1200002 fallbackC
@solidjs/signals       , 10x10 - 6 sources - dynamic - read 20% (dynamic component)   , 546.11   , 546.11   , 546.11   , 0.000    , dynamic        , dynamic rectangular DAG  , nodesRecomputed=1290004 nodesVisited=1290004 edgesTraversed=7739922 sinkReads=30002 fallbackCoun
@solidjs/signals       , 1000x12 - 4 sources - dynamic (large web app)                , 784.85   , 784.85   , 784.85   , 0.000    , dynamic        , dynamic rectangular DAG  , nodesRecomputed=1473786 nodesVisited=1473786 edgesTraversed=5891713 sinkReads=7001000 fallbackCo
@solidjs/signals       , 1000x5 - 25 sources (wide dense)                             , 1110.24  , 1110.24  , 1110.24  , 0.000    , pull           , stable rectangular DAG   , nodesRecomputed=735756 nodesVisited=735756 edgesTraversed=18393900 sinkReads=3001000 fallbackCou
@solidjs/signals       , 5x500 - 3 sources (deep)                                     , 382.97   , 382.97   , 382.97   , 0.000    , pull           , stable rectangular DAG   , nodesRecomputed=1246502 nodesVisited=1246502 edgesTraversed=3739506 sinkReads=2505 fallbackCount
Preact Signals         , avoidablePropagation                                         , 504.90   , 504.90   , 504.90   , 0.000    , baseline       , selective propagation    ,                                                                                                 
Preact Signals         , broadPropagation                                             , 455.10   , 455.10   , 455.10   , 0.000    , baseline       , wide fan-out             ,                                                                                                 
Preact Signals         , deepPropagation                                              , 199.77   , 199.77   , 199.77   , 0.000    , pull           , linear chain             ,                                                                                                 
Preact Signals         , diamond                                                      , 451.15   , 451.15   , 451.15   , 0.000    , baseline       , diamond                  ,                                                                                                 
Preact Signals         , mux                                                          , 470.97   , 470.97   , 470.97   , 0.000    , dynamic        , dynamic branch           ,                                                                                                 
Preact Signals         , repeatedObservers                                            , 125.93   , 125.93   , 125.93   , 0.000    , baseline       , duplicate observer       ,                                                                                                 
Preact Signals         , triangle                                                     , 182.67   , 182.67   , 182.67   , 0.000    , baseline       , glitch-free triangle     ,                                                                                                 
Preact Signals         , unstable                                                     , 131.32   , 131.32   , 131.32   , 0.000    , dynamic        , dynamic dependency churn ,                                                                                                 
Preact Signals         , manyEffectsFromOneSource                                     , 270.06   , 270.06   , 270.06   , 0.000    , push           , wide fan-out             , checksum=180075672000                                                                           
Preact Signals         , manySourcesIntoOneComputedEffectWithDirect                   , 236.62   , 236.62   , 236.62   , 0.000    , pull           , wide fan-in              , checksum=1372929289844                                                                          
Preact Signals         , manySourcesIntoOneComputedEffect                             , 268.08   , 268.08   , 268.08   , 0.000    , pull           , wide fan-in              , checksum=1331323690944                                                                          
Preact Signals         , manySourcesIntoOneDirectEffect                               , 108.48   , 108.48   , 108.48   , 0.000    , pull           , wide fan-in              , checksum=41605598900                                                                            
Preact Signals         , molBench                                                     , 401.59   , 401.59   , 401.59   , 0.000    , dynamic        , mixed app graph          ,                                                                                                 
Preact Signals         , createDataSignals                                            , 6.84     , 6.84     , 6.84     , 0.000    , creation       , signal creation          ,                                                                                                 
Preact Signals         , createComputations0to1                                       , 6.24     , 6.24     , 6.24     , 0.000    , creation       , computed creation        ,                                                                                                 
Preact Signals         , createComputations1to1                                       , 18.47    , 18.47    , 18.47    , 0.000    , creation       , computed creation        ,                                                                                                 
Preact Signals         , createComputations2to1                                       , 12.63    , 12.63    , 12.63    , 0.000    , creation       , computed creation        ,                                                                                                 
Preact Signals         , createComputations4to1                                       , 9.47     , 9.47     , 9.47     , 0.000    , creation       , computed creation        ,                                                                                                 
Preact Signals         , createComputations1000to1                                    , 0.16     , 0.16     , 0.16     , 0.000    , creation       , computed creation        ,                                                                                                 
Preact Signals         , createComputations1to2                                       , 12.14    , 12.14    , 12.14    , 0.000    , creation       , computed creation        ,                                                                                                 
Preact Signals         , createComputations1to4                                       , 4.90     , 4.90     , 4.90     , 0.000    , creation       , computed creation        ,                                                                                                 
Preact Signals         , createComputations1to8                                       , 7.82     , 7.82     , 7.82     , 0.000    , creation       , computed creation        ,                                                                                                 
Preact Signals         , createComputations1to1000                                    , 5.04     , 5.04     , 5.04     , 0.000    , creation       , computed creation        ,                                                                                                 
Preact Signals         , updateComputations1to1                                       , 5.61     , 5.61     , 5.61     , 0.000    , update         , stable update            ,                                                                                                 
Preact Signals         , updateComputations2to1                                       , 3.88     , 3.88     , 3.88     , 0.000    , update         , stable update            ,                                                                                                 
Preact Signals         , updateComputations4to1                                       , 2.62     , 2.62     , 2.62     , 0.000    , update         , stable update            ,                                                                                                 
Preact Signals         , updateComputations1000to1                                    , 0.63     , 0.63     , 0.63     , 0.000    , update         , stable update            ,                                                                                                 
Preact Signals         , updateComputations1to2                                       , 3.56     , 3.56     , 3.56     , 0.000    , update         , stable update            ,                                                                                                 
Preact Signals         , updateComputations1to4                                       , 2.63     , 2.63     , 2.63     , 0.000    , update         , stable update            ,                                                                                                 
Preact Signals         , updateComputations1to1000                                    , 0.30     , 0.30     , 0.30     , 0.000    , update         , stable update            ,                                                                                                 
Preact Signals         , 64x6 - 4 sources - dynamic - read 12% (dashboard selective r , 792.19   , 792.19   , 792.19   , 0.000    , dynamic        , dynamic rectangular DAG  , nodesRecomputed=2642029 nodesVisited=2642029 edgesTraversed=10568081 sinkReads=960008           
Preact Signals         , 24x8 - 3 sources - dynamic - read 40% (editor derived state) , 732.36   , 732.36   , 732.36   , 0.000    , dynamic        , dynamic rectangular DAG  , nodesRecomputed=4736332 nodesVisited=4736332 edgesTraversed=14208887 sinkReads=900010           
Preact Signals         , 120x7 - 5 sources - dynamic - read 18% (kanban board)        , 921.11   , 921.11   , 921.11   , 0.000    , dynamic        , dynamic rectangular DAG  , nodesRecomputed=1765496 nodesVisited=1765496 edgesTraversed=8827231 sinkReads=660022            
Preact Signals         , 40x10 - 4 sources - dynamic - read 60% (entity detail page)  , 709.73   , 709.73   , 709.73   , 0.000    , dynamic        , dynamic rectangular DAG  , nodesRecomputed=3984210 nodesVisited=3984210 edgesTraversed=15936789 sinkReads=720024           
Preact Signals         , 256->512x32 - fanIn 4 - layered-dag - 4 sources (layered ful , 169.75   , 169.75   , 169.75   , 0.000    , large_graph    , layered DAG              , nodesRecomputed=249624 nodesVisited=249624 edgesTraversed=998496 sinkReads=61952                
Preact Signals         , 256->512x32 - fanIn 4 - layered-dag - 4 sources - warm 320 ( , 167.18   , 167.18   , 167.18   , 0.000    , large_graph    , layered DAG              , nodesRecomputed=235200 nodesVisited=235200 edgesTraversed=940800 sinkReads=61952                
Preact Signals         , 256->512x32 - fanIn 8 - layered-dag - 8 sources - burst 16 - , 731.44   , 731.44   , 731.44   , 0.000    , large_graph    , layered DAG              , nodesRecomputed=1529088 nodesVisited=1529088 edgesTraversed=12232704 sinkReads=49664            
Preact Signals         , 256->512x32 - fanIn 8 - diamond-mesh - 8 sources - warm 256  , 66.88    , 66.88    , 66.88    , 0.000    , large_graph    , diamond mesh             , nodesRecomputed=24576 nodesVisited=24576 edgesTraversed=196608 sinkReads=49664                  
Preact Signals         , 32x8 - 4 sources - pull (pure pull)                          , 82.00    , 82.00    , 82.00    , 0.000    , pull           , stable rectangular DAG   , nodesRecomputed=224 nodesVisited=224 edgesTraversed=896 sinkReads=32                            
Preact Signals         , 8x64 - 1 sources - pull (linear chain - 1 source - pull (lin , 85.89    , 85.89    , 85.89    , 0.000    , pull           , stable rectangular DAG   , nodesRecomputed=504 nodesVisited=504 edgesTraversed=504 sinkReads=8                             
Preact Signals         , 64x4 - 8 sources - pull (wide tree - 8 sources - pull (branc , 79.27    , 79.27    , 79.27    , 0.000    , pull           , stable rectangular DAG   , nodesRecomputed=192 nodesVisited=192 edgesTraversed=1536 sinkReads=64                           
Preact Signals         , 32x8 - 4 sources - push (pure push)                          , 215.41   , 215.41   , 215.41   , 0.000    , pull           , stable rectangular DAG   , nodesRecomputed=910133 nodesVisited=910133 edgesTraversed=3640532 sinkReads=220010              
Preact Signals         , 10x5 - 2 sources - read 20% (simple component)               , 375.51   , 375.51   , 375.51   , 0.000    , pull           , stable rectangular DAG   , nodesRecomputed=3180010 nodesVisited=3180010 edgesTraversed=6360020 sinkReads=1200002           
Preact Signals         , 10x10 - 6 sources - dynamic - read 20% (dynamic component)   , 258.99   , 258.99   , 258.99   , 0.000    , dynamic        , dynamic rectangular DAG  , nodesRecomputed=1140004 nodesVisited=1140004 edgesTraversed=6839936 sinkReads=30002             
Preact Signals         , 1000x12 - 4 sources - dynamic (large web app)                , 3093.65  , 3093.65  , 3093.65  , 0.000    , dynamic        , dynamic rectangular DAG  , nodesRecomputed=1473786 nodesVisited=1473786 edgesTraversed=5891713 sinkReads=7001000           
Preact Signals         , 1000x5 - 25 sources (wide dense)                             , 2414.05  , 2414.05  , 2414.05  , 0.000    , pull           , stable rectangular DAG   , nodesRecomputed=735756 nodesVisited=735756 edgesTraversed=18393900 sinkReads=3001000            
Preact Signals         , 5x500 - 3 sources (deep)                                     , 186.49   , 186.49   , 186.49   , 0.000    , pull           , stable rectangular DAG   , nodesRecomputed=1246502 nodesVisited=1246502 edgesTraversed=3739506 sinkReads=2505              
@reactively            , avoidablePropagation                                         , 567.88   , 567.88   , 567.88   , 0.000    , baseline       , selective propagation    ,                                                                                                 
@reactively            , broadPropagation                                             , 468.67   , 468.67   , 468.67   , 0.000    , baseline       , wide fan-out             ,                                                                                                 
@reactively            , deepPropagation                                              , 214.08   , 214.08   , 214.08   , 0.000    , pull           , linear chain             ,                                                                                                 
@reactively            , diamond                                                      , 463.16   , 463.16   , 463.16   , 0.000    , baseline       , diamond                  ,                                                                                                 
@reactively            , mux                                                          , 440.84   , 440.84   , 440.84   , 0.000    , dynamic        , dynamic branch           ,                                                                                                 
@reactively            , repeatedObservers                                            , 137.53   , 137.53   , 137.53   , 0.000    , baseline       , duplicate observer       ,                                                                                                 
@reactively            , triangle                                                     , 196.71   , 196.71   , 196.71   , 0.000    , baseline       , glitch-free triangle     ,                                                                                                 
@reactively            , unstable                                                     , 240.24   , 240.24   , 240.24   , 0.000    , dynamic        , dynamic dependency churn ,                                                                                                 
@reactively            , manyEffectsFromOneSource                                     , 309.63   , 309.63   , 309.63   , 0.000    , push           , wide fan-out             , checksum=180075672000                                                                           
@reactively            , manySourcesIntoOneComputedEffectWithDirect                   , 175.87   , 175.87   , 175.87   , 0.000    , pull           , wide fan-in              , checksum=1372929290292                                                                          
@reactively            , manySourcesIntoOneComputedEffect                             , 170.18   , 170.18   , 170.18   , 0.000    , pull           , wide fan-in              , checksum=1331323690944                                                                          
@reactively            , manySourcesIntoOneDirectEffect                               , 88.45    , 88.45    , 88.45    , 0.000    , pull           , wide fan-in              , checksum=41605599348                                                                            
@reactively            , molBench                                                     , 404.04   , 404.04   , 404.04   , 0.000    , dynamic        , mixed app graph          ,                                                                                                 
@reactively            , createDataSignals                                            , 4.45     , 4.45     , 4.45     , 0.000    , creation       , signal creation          ,                                                                                                 
@reactively            , createComputations0to1                                       , 4.42     , 4.42     , 4.42     , 0.000    , creation       , computed creation        ,                                                                                                 
@reactively            , createComputations1to1                                       , 14.57    , 14.57    , 14.57    , 0.000    , creation       , computed creation        ,                                                                                                 
@reactively            , createComputations2to1                                       , 10.62    , 10.62    , 10.62    , 0.000    , creation       , computed creation        ,                                                                                                 
@reactively            , createComputations4to1                                       , 6.55     , 6.55     , 6.55     , 0.000    , creation       , computed creation        ,                                                                                                 
@reactively            , createComputations1000to1                                    , 0.06     , 0.06     , 0.06     , 0.000    , creation       , computed creation        ,                                                                                                 
@reactively            , createComputations1to2                                       , 11.14    , 11.14    , 11.14    , 0.000    , creation       , computed creation        ,                                                                                                 
@reactively            , createComputations1to4                                       , 4.66     , 4.66     , 4.66     , 0.000    , creation       , computed creation        ,                                                                                                 
@reactively            , createComputations1to8                                       , 5.01     , 5.01     , 5.01     , 0.000    , creation       , computed creation        ,                                                                                                 
@reactively            , createComputations1to1000                                    , 4.55     , 4.55     , 4.55     , 0.000    , creation       , computed creation        ,                                                                                                 
@reactively            , updateComputations1to1                                       , 4.21     , 4.21     , 4.21     , 0.000    , update         , stable update            ,                                                                                                 
@reactively            , updateComputations2to1                                       , 2.59     , 2.59     , 2.59     , 0.000    , update         , stable update            ,                                                                                                 
@reactively            , updateComputations4to1                                       , 1.83     , 1.83     , 1.83     , 0.000    , update         , stable update            ,                                                                                                 
@reactively            , updateComputations1000to1                                    , 0.48     , 0.48     , 0.48     , 0.000    , update         , stable update            ,                                                                                                 
@reactively            , updateComputations1to2                                       , 2.08     , 2.08     , 2.08     , 0.000    , update         , stable update            ,                                                                                                 
@reactively            , updateComputations1to4                                       , 1.96     , 1.96     , 1.96     , 0.000    , update         , stable update            ,                                                                                                 
@reactively            , updateComputations1to1000                                    , 0.28     , 0.28     , 0.28     , 0.000    , update         , stable update            ,                                                                                                 
@reactively            , 64x6 - 4 sources - dynamic - read 12% (dashboard selective r , 418.69   , 418.69   , 418.69   , 0.000    , dynamic        , dynamic rectangular DAG  , nodesRecomputed=2642029 nodesVisited=2642029 edgesTraversed=10568081 sinkReads=960008           
@reactively            , 24x8 - 3 sources - dynamic - read 40% (editor derived state) , 620.72   , 620.72   , 620.72   , 0.000    , dynamic        , dynamic rectangular DAG  , nodesRecomputed=4736332 nodesVisited=4736332 edgesTraversed=14208887 sinkReads=900010           
@reactively            , 120x7 - 5 sources - dynamic - read 18% (kanban board)        , 354.15   , 354.15   , 354.15   , 0.000    , dynamic        , dynamic rectangular DAG  , nodesRecomputed=1765496 nodesVisited=1765496 edgesTraversed=8827231 sinkReads=660022            
@reactively            , 40x10 - 4 sources - dynamic - read 60% (entity detail page)  , 649.33   , 649.33   , 649.33   , 0.000    , dynamic        , dynamic rectangular DAG  , nodesRecomputed=3984210 nodesVisited=3984210 edgesTraversed=15936789 sinkReads=720024           
@reactively            , 256->512x32 - fanIn 4 - layered-dag - 4 sources (layered ful , 174.93   , 174.93   , 174.93   , 0.000    , large_graph    , layered DAG              , nodesRecomputed=249624 nodesVisited=249624 edgesTraversed=998496 sinkReads=61952                
@reactively            , 256->512x32 - fanIn 4 - layered-dag - 4 sources - warm 320 ( , 138.13   , 138.13   , 138.13   , 0.000    , large_graph    , layered DAG              , nodesRecomputed=235200 nodesVisited=235200 edgesTraversed=940800 sinkReads=61952                
@reactively            , 256->512x32 - fanIn 8 - layered-dag - 8 sources - burst 16 - , 1049.43  , 1049.43  , 1049.43  , 0.000    , large_graph    , layered DAG              , nodesRecomputed=1529088 nodesVisited=1529088 edgesTraversed=12232704 sinkReads=49664            
@reactively            , 256->512x32 - fanIn 8 - diamond-mesh - 8 sources - warm 256  , 8.75     , 8.75     , 8.75     , 0.000    , large_graph    , diamond mesh             , nodesRecomputed=24576 nodesVisited=24576 edgesTraversed=196608 sinkReads=49664                  
@reactively            , 32x8 - 4 sources - pull (pure pull)                          , 38.32    , 38.32    , 38.32    , 0.000    , pull           , stable rectangular DAG   , nodesRecomputed=224 nodesVisited=224 edgesTraversed=896 sinkReads=32                            
@reactively            , 8x64 - 1 sources - pull (linear chain - 1 source - pull (lin , 80.03    , 80.03    , 80.03    , 0.000    , pull           , stable rectangular DAG   , nodesRecomputed=504 nodesVisited=504 edgesTraversed=504 sinkReads=8                             
@reactively            , 64x4 - 8 sources - pull (wide tree - 8 sources - pull (branc , 38.77    , 38.77    , 38.77    , 0.000    , pull           , stable rectangular DAG   , nodesRecomputed=192 nodesVisited=192 edgesTraversed=1536 sinkReads=64                           
@reactively            , 32x8 - 4 sources - push (pure push)                          , 184.60   , 184.60   , 184.60   , 0.000    , pull           , stable rectangular DAG   , nodesRecomputed=910133 nodesVisited=910133 edgesTraversed=3640532 sinkReads=220042              
@reactively            , 10x5 - 2 sources - read 20% (simple component)               , 294.31   , 294.31   , 294.31   , 0.000    , pull           , stable rectangular DAG   , nodesRecomputed=3180010 nodesVisited=3180010 edgesTraversed=6360020 sinkReads=1200002           
@reactively            , 10x10 - 6 sources - dynamic - read 20% (dynamic component)   , 267.02   , 267.02   , 267.02   , 0.000    , dynamic        , dynamic rectangular DAG  , nodesRecomputed=1140004 nodesVisited=1140004 edgesTraversed=6839936 sinkReads=30002             
@reactively            , 1000x12 - 4 sources - dynamic (large web app)                , 548.56   , 548.56   , 548.56   , 0.000    , dynamic        , dynamic rectangular DAG  , nodesRecomputed=1473786 nodesVisited=1473786 edgesTraversed=5891713 sinkReads=7001000           
@reactively            , 1000x5 - 25 sources (wide dense)                             , 557.15   , 557.15   , 557.15   , 0.000    , pull           , stable rectangular DAG   , nodesRecomputed=735756 nodesVisited=735756 edgesTraversed=18393900 sinkReads=3001000            
@reactively            , 5x500 - 3 sources (deep)                                     , 251.17   , 251.17   , 251.17   , 0.000    , pull           , stable rectangular DAG   , nodesRecomputed=1246502 nodesVisited=1246502 edgesTraversed=3739506 sinkReads=2505              
s-js                   , avoidablePropagation                                         , 692.88   , 692.88   , 692.88   , 0.000    , baseline       , selective propagation    ,                                                                                                 
s-js                   , broadPropagation                                             , 444.22   , 444.22   , 444.22   , 0.000    , baseline       , wide fan-out             ,                                                                                                 
s-js                   , deepPropagation                                              , 175.77   , 175.77   , 175.77   , 0.000    , pull           , linear chain             ,                                                                                                 
s-js                   , diamond                                                      , 489.64   , 489.64   , 489.64   , 0.000    , baseline       , diamond                  ,                                                                                                 
s-js                   , mux                                                          , 579.55   , 579.55   , 579.55   , 0.000    , dynamic        , dynamic branch           ,                                                                                                 
s-js                   , repeatedObservers                                            , 171.94   , 171.94   , 171.94   , 0.000    , baseline       , duplicate observer       ,                                                                                                 
s-js                   , triangle                                                     , 191.58   , 191.58   , 191.58   , 0.000    , baseline       , glitch-free triangle     ,                                                                                                 
s-js                   , unstable                                                     , 201.28   , 201.28   , 201.28   , 0.000    , dynamic        , dynamic dependency churn ,                                                                                                 
s-js                   , manyEffectsFromOneSource                                     , 350.16   , 350.16   , 350.16   , 0.000    , push           , wide fan-out             , checksum=180075672000                                                                           
s-js                   , manySourcesIntoOneComputedEffectWithDirect                   , 236.80   , 236.80   , 236.80   , 0.000    , pull           , wide fan-in              , checksum=1372929289844                                                                          
s-js                   , manySourcesIntoOneComputedEffect                             , 229.83   , 229.83   , 229.83   , 0.000    , pull           , wide fan-in              , checksum=1331323690944                                                                          
s-js                   , manySourcesIntoOneDirectEffect                               , 94.81    , 94.81    , 94.81    , 0.000    , pull           , wide fan-in              , checksum=41605598900                                                                            
s-js                   , molBench                                                     , 953.30   , 953.30   , 953.30   , 0.000    , dynamic        , mixed app graph          ,                                                                                                 
s-js                   , createDataSignals                                            , 11.37    , 11.37    , 11.37    , 0.000    , creation       , signal creation          ,                                                                                                 
s-js                   , createComputations0to1                                       , 8.05     , 8.05     , 8.05     , 0.000    , creation       , computed creation        ,                                                                                                 
s-js                   , createComputations1to1                                       , 25.82    , 25.82    , 25.82    , 0.000    , creation       , computed creation        ,                                                                                                 
s-js                   , createComputations2to1                                       , 33.85    , 33.85    , 33.85    , 0.000    , creation       , computed creation        ,                                                                                                 
s-js                   , createComputations4to1                                       , 34.71    , 34.71    , 34.71    , 0.000    , creation       , computed creation        ,                                                                                                 
s-js                   , createComputations1000to1                                    , 16.70    , 16.70    , 16.70    , 0.000    , creation       , computed creation        ,                                                                                                 
s-js                   , createComputations1to2                                       , 22.55    , 22.55    , 22.55    , 0.000    , creation       , computed creation        ,                                                                                                 
s-js                   , createComputations1to4                                       , 22.99    , 22.99    , 22.99    , 0.000    , creation       , computed creation        ,                                                                                                 
s-js                   , createComputations1to8                                       , 12.46    , 12.46    , 12.46    , 0.000    , creation       , computed creation        ,                                                                                                 
s-js                   , createComputations1to1000                                    , 11.93    , 11.93    , 11.93    , 0.000    , creation       , computed creation        ,                                                                                                 
s-js                   , updateComputations1to1                                       , 32.29    , 32.29    , 32.29    , 0.000    , update         , stable update            ,                                                                                                 
s-js                   , updateComputations2to1                                       , 27.22    , 27.22    , 27.22    , 0.000    , update         , stable update            ,                                                                                                 
s-js                   , updateComputations4to1                                       , 20.17    , 20.17    , 20.17    , 0.000    , update         , stable update            ,                                                                                                 
s-js                   , updateComputations1000to1                                    , 23.46    , 23.46    , 23.46    , 0.000    , update         , stable update            ,                                                                                                 
s-js                   , updateComputations1to2                                       , 30.88    , 30.88    , 30.88    , 0.000    , update         , stable update            ,                                                                                                 
s-js                   , updateComputations1to4                                       , 31.53    , 31.53    , 31.53    , 0.000    , update         , stable update            ,                                                                                                 
s-js                   , updateComputations1to1000                                    , 27.68    , 27.68    , 27.68    , 0.000    , update         , stable update            ,                                                                                                 
s-js                   , 64x6 - 4 sources - dynamic - read 12% (dashboard selective r , 1243.54  , 1243.54  , 1243.54  , 0.000    , dynamic        , dynamic rectangular DAG  , nodesRecomputed=6000270 nodesVisited=6000270 edgesTraversed=24001017 sinkReads=960008           
s-js                   , 24x8 - 3 sources - dynamic - read 40% (editor derived state) , 959.06   , 959.06   , 959.06   , 0.000    , dynamic        , dynamic rectangular DAG  , nodesRecomputed=5670087 nodesVisited=5670087 edgesTraversed=17010146 sinkReads=900010           
s-js                   , 120x7 - 5 sources - dynamic - read 18% (kanban board)        , 733.24   , 733.24   , 733.24   , 0.000    , dynamic        , dynamic rectangular DAG  , nodesRecomputed=2700620 nodesVisited=2700620 edgesTraversed=13502767 sinkReads=660022           
s-js                   , 40x10 - 4 sources - dynamic - read 60% (entity detail page)  , 1018.63  , 1018.63  , 1018.63  , 0.000    , dynamic        , dynamic rectangular DAG  , nodesRecomputed=4320213 nodesVisited=4320213 edgesTraversed=17280788 sinkReads=720024           
s-js                   , 256->512x32 - fanIn 4 - layered-dag - 4 sources (layered ful , 255.50   , 255.50   , 255.50   , 0.000    , large_graph    , layered DAG              , nodesRecomputed=233240 nodesVisited=233240 edgesTraversed=932960 sinkReads=61952                
s-js                   , 256->512x32 - fanIn 4 - layered-dag - 4 sources - warm 320 ( , 248.75   , 248.75   , 248.75   , 0.000    , large_graph    , layered DAG              , nodesRecomputed=235200 nodesVisited=235200 edgesTraversed=940800 sinkReads=61952                
s-js                   , 256->512x32 - fanIn 8 - layered-dag - 8 sources - burst 16 - , 2477.38  , 2477.38  , 2477.38  , 0.000    , large_graph    , layered DAG              , nodesRecomputed=1529088 nodesVisited=1529088 edgesTraversed=12232704 sinkReads=49664            
s-js                   , 256->512x32 - fanIn 8 - diamond-mesh - 8 sources - warm 256  , 14.03    , 14.03    , 14.03    , 0.000    , large_graph    , diamond mesh             , nodesRecomputed=24576 nodesVisited=24576 edgesTraversed=196608 sinkReads=49664                  
s-js                   , 32x8 - 4 sources - pull (pure pull)                          , 230.88   , 230.88   , 230.88   , 0.000    , pull           , stable rectangular DAG   , nodesRecomputed=910133 nodesVisited=910133 edgesTraversed=3640532 sinkReads=32                  
s-js                   , 8x64 - 1 sources - pull (linear chain - 1 source - pull (lin , 97.00    , 97.00    , 97.00    , 0.000    , pull           , stable rectangular DAG   , nodesRecomputed=630441 nodesVisited=630441 edgesTraversed=630441 sinkReads=8                    
s-js                   , 64x4 - 8 sources - pull (wide tree - 8 sources - pull (branc , 212.22   , 212.22   , 212.22   , 0.000    , pull           , stable rectangular DAG   , nodesRecomputed=450147 nodesVisited=450147 edgesTraversed=3601176 sinkReads=64                  
s-js                   , 32x8 - 4 sources - push (pure push)                          , 251.06   , 251.06   , 251.06   , 0.000    , pull           , stable rectangular DAG   , nodesRecomputed=910133 nodesVisited=910133 edgesTraversed=3640532 sinkReads=220010              
s-js                   , 10x5 - 2 sources - read 20% (simple component)               , 915.80   , 915.80   , 915.80   , 0.000    , pull           , stable rectangular DAG   , nodesRecomputed=8400026 nodesVisited=8400026 edgesTraversed=16800052 sinkReads=1200002          
s-js                   , 10x10 - 6 sources - dynamic - read 20% (dynamic component)   , 411.32   , 411.32   , 411.32   , 0.000    , dynamic        , dynamic rectangular DAG  , nodesRecomputed=1290004 nodesVisited=1290004 edgesTraversed=7739922 sinkReads=30002             
s-js                   , 1000x12 - 4 sources - dynamic (large web app)                , 668.87   , 668.87   , 668.87   , 0.000    , dynamic        , dynamic rectangular DAG  , nodesRecomputed=1473786 nodesVisited=1473786 edgesTraversed=5891713 sinkReads=7001000           
s-js                   , 1000x5 - 25 sources (wide dense)                             , 1073.38  , 1073.38  , 1073.38  , 0.000    , pull           , stable rectangular DAG   , nodesRecomputed=735756 nodesVisited=735756 edgesTraversed=18393900 sinkReads=3001000            
s-js                   , 5x500 - 3 sources (deep)                                     , 321.05   , 321.05   , 321.05   , 0.000    , pull           , stable rectangular DAG   , nodesRecomputed=1246502 nodesVisited=1246502 edgesTraversed=3739506 sinkReads=2505              
@amadeus-it-group/tans , avoidablePropagation                                         , 814.61   , 814.61   , 814.61   , 0.000    , baseline       , selective propagation    ,                                                                                                 
@amadeus-it-group/tans , broadPropagation                                             , 984.06   , 984.06   , 984.06   , 0.000    , baseline       , wide fan-out             ,                                                                                                 
@amadeus-it-group/tans , deepPropagation                                              , 354.57   , 354.57   , 354.57   , 0.000    , pull           , linear chain             ,                                                                                                 
@amadeus-it-group/tans , diamond                                                      , 662.35   , 662.35   , 662.35   , 0.000    , baseline       , diamond                  ,                                                                                                 
@amadeus-it-group/tans , mux                                                          , 740.38   , 740.38   , 740.38   , 0.000    , dynamic        , dynamic branch           ,                                                                                                 
@amadeus-it-group/tans , repeatedObservers                                            , 202.55   , 202.55   , 202.55   , 0.000    , baseline       , duplicate observer       ,                                                                                                 
@amadeus-it-group/tans , triangle                                                     , 267.44   , 267.44   , 267.44   , 0.000    , baseline       , glitch-free triangle     ,                                                                                                 
@amadeus-it-group/tans , unstable                                                     , 290.37   , 290.37   , 290.37   , 0.000    , dynamic        , dynamic dependency churn ,                                                                                                 
@amadeus-it-group/tans , manyEffectsFromOneSource                                     , 676.30   , 676.30   , 676.30   , 0.000    , push           , wide fan-out             , checksum=180075672000                                                                           
@amadeus-it-group/tans , manySourcesIntoOneComputedEffectWithDirect                   , 264.52   , 264.52   , 264.52   , 0.000    , pull           , wide fan-in              , checksum=1372929289844                                                                          
@amadeus-it-group/tans , manySourcesIntoOneComputedEffect                             , 260.61   , 260.61   , 260.61   , 0.000    , pull           , wide fan-in              , checksum=1331323690944                                                                          
@amadeus-it-group/tans , manySourcesIntoOneDirectEffect                               , 116.50   , 116.50   , 116.50   , 0.000    , pull           , wide fan-in              , checksum=41605598900                                                                            
@amadeus-it-group/tans , molBench                                                     , 670.74   , 670.74   , 670.74   , 0.000    , dynamic        , mixed app graph          ,                                                                                                 
@amadeus-it-group/tans , createDataSignals                                            , 11.35    , 11.35    , 11.35    , 0.000    , creation       , signal creation          ,                                                                                                 
@amadeus-it-group/tans , createComputations0to1                                       , 3.20     , 3.20     , 3.20     , 0.000    , creation       , computed creation        ,                                                                                                 
@amadeus-it-group/tans , createComputations1to1                                       , 27.07    , 27.07    , 27.07    , 0.000    , creation       , computed creation        ,                                                                                                 
@amadeus-it-group/tans , createComputations2to1                                       , 31.26    , 31.26    , 31.26    , 0.000    , creation       , computed creation        ,                                                                                                 
@amadeus-it-group/tans , createComputations4to1                                       , 27.54    , 27.54    , 27.54    , 0.000    , creation       , computed creation        ,                                                                                                 
@amadeus-it-group/tans , createComputations1000to1                                    , 0.30     , 0.30     , 0.30     , 0.000    , creation       , computed creation        ,                                                                                                 
@amadeus-it-group/tans , createComputations1to2                                       , 33.75    , 33.75    , 33.75    , 0.000    , creation       , computed creation        ,                                                                                                 
@amadeus-it-group/tans , createComputations1to4                                       , 34.38    , 34.38    , 34.38    , 0.000    , creation       , computed creation        ,                                                                                                 
@amadeus-it-group/tans , createComputations1to8                                       , 24.59    , 24.59    , 24.59    , 0.000    , creation       , computed creation        ,                                                                                                 
@amadeus-it-group/tans , createComputations1to1000                                    , 22.46    , 22.46    , 22.46    , 0.000    , creation       , computed creation        ,                                                                                                 
@amadeus-it-group/tans , updateComputations1to1                                       , 7.16     , 7.16     , 7.16     , 0.000    , update         , stable update            ,                                                                                                 
@amadeus-it-group/tans , updateComputations2to1                                       , 5.19     , 5.19     , 5.19     , 0.000    , update         , stable update            ,                                                                                                 
@amadeus-it-group/tans , updateComputations4to1                                       , 3.55     , 3.55     , 3.55     , 0.000    , update         , stable update            ,                                                                                                 
@amadeus-it-group/tans , updateComputations1000to1                                    , 0.61     , 0.61     , 0.61     , 0.000    , update         , stable update            ,                                                                                                 
@amadeus-it-group/tans , updateComputations1to2                                       , 4.80     , 4.80     , 4.80     , 0.000    , update         , stable update            ,                                                                                                 
@amadeus-it-group/tans , updateComputations1to4                                       , 3.52     , 3.52     , 3.52     , 0.000    , update         , stable update            ,                                                                                                 
@amadeus-it-group/tans , updateComputations1to1000                                    , 1.40     , 1.40     , 1.40     , 0.000    , update         , stable update            ,                                                                                                 
@amadeus-it-group/tans , 64x6 - 4 sources - dynamic - read 12% (dashboard selective r , 642.57   , 642.57   , 642.57   , 0.000    , dynamic        , dynamic rectangular DAG  , nodesRecomputed=2642029 nodesVisited=2642029 edgesTraversed=10568081 sinkReads=960008           
@amadeus-it-group/tans , 24x8 - 3 sources - dynamic - read 40% (editor derived state) , 925.18   , 925.18   , 925.18   , 0.000    , dynamic        , dynamic rectangular DAG  , nodesRecomputed=4736332 nodesVisited=4736332 edgesTraversed=14208887 sinkReads=900010           
@amadeus-it-group/tans , 120x7 - 5 sources - dynamic - read 18% (kanban board)        , 510.33   , 510.33   , 510.33   , 0.000    , dynamic        , dynamic rectangular DAG  , nodesRecomputed=1765496 nodesVisited=1765496 edgesTraversed=8827231 sinkReads=660022            
@amadeus-it-group/tans , 40x10 - 4 sources - dynamic - read 60% (entity detail page)  , 931.55   , 931.55   , 931.55   , 0.000    , dynamic        , dynamic rectangular DAG  , nodesRecomputed=3984210 nodesVisited=3984210 edgesTraversed=15936789 sinkReads=720024           
@amadeus-it-group/tans , 256->512x32 - fanIn 4 - layered-dag - 4 sources (layered ful , 238.36   , 238.36   , 238.36   , 0.000    , large_graph    , layered DAG              , nodesRecomputed=249624 nodesVisited=249624 edgesTraversed=998496 sinkReads=61952                
@amadeus-it-group/tans , 256->512x32 - fanIn 4 - layered-dag - 4 sources - warm 320 ( , 198.22   , 198.22   , 198.22   , 0.000    , large_graph    , layered DAG              , nodesRecomputed=235200 nodesVisited=235200 edgesTraversed=940800 sinkReads=61952                
@amadeus-it-group/tans , 256->512x32 - fanIn 8 - layered-dag - 8 sources - burst 16 - , 1599.50  , 1599.50  , 1599.50  , 0.000    , large_graph    , layered DAG              , nodesRecomputed=1529088 nodesVisited=1529088 edgesTraversed=12232704 sinkReads=49664            
@amadeus-it-group/tans , 256->512x32 - fanIn 8 - diamond-mesh - 8 sources - warm 256  , 14.51    , 14.51    , 14.51    , 0.000    , large_graph    , diamond mesh             , nodesRecomputed=24576 nodesVisited=24576 edgesTraversed=196608 sinkReads=49664                  
@amadeus-it-group/tans , 32x8 - 4 sources - pull (pure pull)                          , 38.09    , 38.09    , 38.09    , 0.000    , pull           , stable rectangular DAG   , nodesRecomputed=224 nodesVisited=224 edgesTraversed=896 sinkReads=32                            
@amadeus-it-group/tans , 8x64 - 1 sources - pull (linear chain - 1 source - pull (lin , 85.68    , 85.68    , 85.68    , 0.000    , pull           , stable rectangular DAG   , nodesRecomputed=504 nodesVisited=504 edgesTraversed=504 sinkReads=8                             
@amadeus-it-group/tans , 64x4 - 8 sources - pull (wide tree - 8 sources - pull (branc , 41.37    , 41.37    , 41.37    , 0.000    , pull           , stable rectangular DAG   , nodesRecomputed=192 nodesVisited=192 edgesTraversed=1536 sinkReads=64                           
@amadeus-it-group/tans , 32x8 - 4 sources - push (pure push)                          , 288.37   , 288.37   , 288.37   , 0.000    , pull           , stable rectangular DAG   , nodesRecomputed=910133 nodesVisited=910133 edgesTraversed=3640532 sinkReads=220010              
@amadeus-it-group/tans , 10x5 - 2 sources - read 20% (simple component)               , 507.68   , 507.68   , 507.68   , 0.000    , pull           , stable rectangular DAG   , nodesRecomputed=3180010 nodesVisited=3180010 edgesTraversed=6360020 sinkReads=1200002           
@amadeus-it-group/tans , 10x10 - 6 sources - dynamic - read 20% (dynamic component)   , 364.95   , 364.95   , 364.95   , 0.000    , dynamic        , dynamic rectangular DAG  , nodesRecomputed=1140004 nodesVisited=1140004 edgesTraversed=6839936 sinkReads=30002             
@amadeus-it-group/tans , 1000x12 - 4 sources - dynamic (large web app)                , 819.36   , 819.36   , 819.36   , 0.000    , dynamic        , dynamic rectangular DAG  , nodesRecomputed=1473786 nodesVisited=1473786 edgesTraversed=5891713 sinkReads=7001000           
@amadeus-it-group/tans , 1000x5 - 25 sources (wide dense)                             , 822.59   , 822.59   , 822.59   , 0.000    , pull           , stable rectangular DAG   , nodesRecomputed=735756 nodesVisited=735756 edgesTraversed=18393900 sinkReads=3001000            
@amadeus-it-group/tans , 5x500 - 3 sources (deep)                                     , 353.22   , 353.22   , 353.22   , 0.000    , pull           , stable rectangular DAG   , nodesRecomputed=1246502 nodesVisited=1246502 edgesTraversed=3739506 sinkReads=2505              
$mol_wire              , avoidablePropagation                                         , 918.56   , 918.56   , 918.56   , 0.000    , baseline       , selective propagation    ,                                                                                                 
$mol_wire              , broadPropagation                                             , 1754.84  , 1754.84  , 1754.84  , 0.000    , baseline       , wide fan-out             ,                                                                                                 
$mol_wire              , deepPropagation                                              , 442.06   , 442.06   , 442.06   , 0.000    , pull           , linear chain             ,                                                                                                 
$mol_wire              , diamond                                                      , 983.29   , 983.29   , 983.29   , 0.000    , baseline       , diamond                  ,                                                                                                 
$mol_wire              , mux                                                          , 1038.05  , 1038.05  , 1038.05  , 0.000    , dynamic        , dynamic branch           ,                                                                                                 
$mol_wire              , repeatedObservers                                            , 246.57   , 246.57   , 246.57   , 0.000    , baseline       , duplicate observer       ,                                                                                                 
$mol_wire              , triangle                                                     , 346.62   , 346.62   , 346.62   , 0.000    , baseline       , glitch-free triangle     ,                                                                                                 
$mol_wire              , unstable                                                     , 447.57   , 447.57   , 447.57   , 0.000    , dynamic        , dynamic dependency churn ,                                                                                                 
$mol_wire              , manyEffectsFromOneSource                                     , 1187.29  , 1187.29  , 1187.29  , 0.000    , push           , wide fan-out             , checksum=180075672000                                                                           
$mol_wire              , manySourcesIntoOneComputedEffectWithDirect                   , 289.14   , 289.14   , 289.14   , 0.000    , pull           , wide fan-in              , checksum=1372929289844                                                                          
$mol_wire              , manySourcesIntoOneComputedEffect                             , 284.37   , 284.37   , 284.37   , 0.000    , pull           , wide fan-in              , checksum=1331323690944                                                                          
$mol_wire              , manySourcesIntoOneDirectEffect                               , 108.03   , 108.03   , 108.03   , 0.000    , pull           , wide fan-in              , checksum=41605598900                                                                            
$mol_wire              , molBench                                                     , 437.17   , 437.17   , 437.17   , 0.000    , dynamic        , mixed app graph          ,                                                                                                 
$mol_wire              , createDataSignals                                            , 10.99    , 10.99    , 10.99    , 0.000    , creation       , signal creation          ,                                                                                                 
$mol_wire              , createComputations0to1                                       , 9.11     , 9.11     , 9.11     , 0.000    , creation       , computed creation        ,                                                                                                 
$mol_wire              , createComputations1to1                                       , 17.63    , 17.63    , 17.63    , 0.000    , creation       , computed creation        ,                                                                                                 
$mol_wire              , createComputations2to1                                       , 9.59     , 9.59     , 9.59     , 0.000    , creation       , computed creation        ,                                                                                                 
$mol_wire              , createComputations4to1                                       , 7.13     , 7.13     , 7.13     , 0.000    , creation       , computed creation        ,                                                                                                 
$mol_wire              , createComputations1000to1                                    , 0.19     , 0.19     , 0.19     , 0.000    , creation       , computed creation        ,                                                                                                 
$mol_wire              , createComputations1to2                                       , 10.47    , 10.47    , 10.47    , 0.000    , creation       , computed creation        ,                                                                                                 
$mol_wire              , createComputations1to4                                       , 12.77    , 12.77    , 12.77    , 0.000    , creation       , computed creation        ,                                                                                                 
$mol_wire              , createComputations1to8                                       , 8.14     , 8.14     , 8.14     , 0.000    , creation       , computed creation        ,                                                                                                 
$mol_wire              , createComputations1to1000                                    , 8.37     , 8.37     , 8.37     , 0.000    , creation       , computed creation        ,                                                                                                 
$mol_wire              , updateComputations1to1                                       , 11.03    , 11.03    , 11.03    , 0.000    , update         , stable update            ,                                                                                                 
$mol_wire              , updateComputations2to1                                       , 5.94     , 5.94     , 5.94     , 0.000    , update         , stable update            ,                                                                                                 
$mol_wire              , updateComputations4to1                                       , 4.55     , 4.55     , 4.55     , 0.000    , update         , stable update            ,                                                                                                 
$mol_wire              , updateComputations1000to1                                    , 0.17     , 0.17     , 0.17     , 0.000    , update         , stable update            ,                                                                                                 
$mol_wire              , updateComputations1to2                                       , 6.69     , 6.69     , 6.69     , 0.000    , update         , stable update            ,                                                                                                 
$mol_wire              , updateComputations1to4                                       , 4.71     , 4.71     , 4.71     , 0.000    , update         , stable update            ,                                                                                                 
$mol_wire              , updateComputations1to1000                                    , 0.55     , 0.55     , 0.55     , 0.000    , update         , stable update            ,                                                                                                 
$mol_wire              , 64x6 - 4 sources - dynamic - read 12% (dashboard selective r , 830.76   , 830.76   , 830.76   , 0.000    , dynamic        , dynamic rectangular DAG  , nodesRecomputed=2642029 nodesVisited=2642029 edgesTraversed=10568081 sinkReads=960008           
$mol_wire              , 24x8 - 3 sources - dynamic - read 40% (editor derived state) , 1158.96  , 1158.96  , 1158.96  , 0.000    , dynamic        , dynamic rectangular DAG  , nodesRecomputed=4736332 nodesVisited=4736332 edgesTraversed=14208887 sinkReads=900010           
$mol_wire              , 120x7 - 5 sources - dynamic - read 18% (kanban board)        , 636.93   , 636.93   , 636.93   , 0.000    , dynamic        , dynamic rectangular DAG  , nodesRecomputed=1765496 nodesVisited=1765496 edgesTraversed=8827231 sinkReads=660022            
$mol_wire              , 40x10 - 4 sources - dynamic - read 60% (entity detail page)  , 1291.51  , 1291.51  , 1291.51  , 0.000    , dynamic        , dynamic rectangular DAG  , nodesRecomputed=3984210 nodesVisited=3984210 edgesTraversed=15936789 sinkReads=720024           
$mol_wire              , 256->512x32 - fanIn 4 - layered-dag - 4 sources (layered ful , 161.63   , 161.63   , 161.63   , 0.000    , large_graph    , layered DAG              , nodesRecomputed=249624 nodesVisited=249624 edgesTraversed=998496 sinkReads=61952                
$mol_wire              , 256->512x32 - fanIn 4 - layered-dag - 4 sources - warm 320 ( , 160.29   , 160.29   , 160.29   , 0.000    , large_graph    , layered DAG              , nodesRecomputed=235200 nodesVisited=235200 edgesTraversed=940800 sinkReads=61952                
$mol_wire              , 256->512x32 - fanIn 8 - layered-dag - 8 sources - burst 16 - , 1544.89  , 1544.89  , 1544.89  , 0.000    , large_graph    , layered DAG              , nodesRecomputed=1529088 nodesVisited=1529088 edgesTraversed=12232704 sinkReads=49664            
$mol_wire              , 256->512x32 - fanIn 8 - diamond-mesh - 8 sources - warm 256  , 17.36    , 17.36    , 17.36    , 0.000    , large_graph    , diamond mesh             , nodesRecomputed=24576 nodesVisited=24576 edgesTraversed=196608 sinkReads=49664                  
$mol_wire              , 32x8 - 4 sources - pull (pure pull)                          , 78.88    , 78.88    , 78.88    , 0.000    , pull           , stable rectangular DAG   , nodesRecomputed=224 nodesVisited=224 edgesTraversed=896 sinkReads=32                            
$mol_wire              , 8x64 - 1 sources - pull (linear chain - 1 source - pull (lin , 84.06    , 84.06    , 84.06    , 0.000    , pull           , stable rectangular DAG   , nodesRecomputed=504 nodesVisited=504 edgesTraversed=504 sinkReads=8                             
$mol_wire              , 64x4 - 8 sources - pull (wide tree - 8 sources - pull (branc , 80.12    , 80.12    , 80.12    , 0.000    , pull           , stable rectangular DAG   , nodesRecomputed=192 nodesVisited=192 edgesTraversed=1536 sinkReads=64                           
$mol_wire              , 32x8 - 4 sources - push (pure push)                          , 407.45   , 407.45   , 407.45   , 0.000    , pull           , stable rectangular DAG   , nodesRecomputed=910133 nodesVisited=910133 edgesTraversed=3640532 sinkReads=220010              
$mol_wire              , 10x5 - 2 sources - read 20% (simple component)               , 673.74   , 673.74   , 673.74   , 0.000    , pull           , stable rectangular DAG   , nodesRecomputed=3180010 nodesVisited=3180010 edgesTraversed=6360020 sinkReads=1200002           
$mol_wire              , 10x10 - 6 sources - dynamic - read 20% (dynamic component)   , 475.63   , 475.63   , 475.63   , 0.000    , dynamic        , dynamic rectangular DAG  , nodesRecomputed=1140004 nodesVisited=1140004 edgesTraversed=6839936 sinkReads=30002             
$mol_wire              , 1000x12 - 4 sources - dynamic (large web app)                , 784.81   , 784.81   , 784.81   , 0.000    , dynamic        , dynamic rectangular DAG  , nodesRecomputed=1473786 nodesVisited=1473786 edgesTraversed=5891713 sinkReads=7001000           
$mol_wire              , 1000x5 - 25 sources (wide dense)                             , 907.62   , 907.62   , 907.62   , 0.000    , pull           , stable rectangular DAG   , nodesRecomputed=735756 nodesVisited=735756 edgesTraversed=18393900 sinkReads=3001000            
$mol_wire              , 5x500 - 3 sources (deep)                                     , 393.00   , 393.00   , 393.00   , 0.000    , pull           , stable rectangular DAG   , nodesRecomputed=1246502 nodesVisited=1246502 edgesTraversed=3739506 sinkReads=2505              
Oby                    , avoidablePropagation                                         , 692.78   , 692.78   , 692.78   , 0.000    , baseline       , selective propagation    ,                                                                                                 
Oby                    , broadPropagation                                             , 889.63   , 889.63   , 889.63   , 0.000    , baseline       , wide fan-out             ,                                                                                                 
Oby                    , deepPropagation                                              , 369.67   , 369.67   , 369.67   , 0.000    , pull           , linear chain             ,                                                                                                 
Oby                    , diamond                                                      , 596.80   , 596.80   , 596.80   , 0.000    , baseline       , diamond                  ,                                                                                                 
Oby                    , mux                                                          , 600.02   , 600.02   , 600.02   , 0.000    , dynamic        , dynamic branch           ,                                                                                                 
Oby                    , repeatedObservers                                            , 180.51   , 180.51   , 180.51   , 0.000    , baseline       , duplicate observer       ,                                                                                                 
Oby                    , triangle                                                     , 267.46   , 267.46   , 267.46   , 0.000    , baseline       , glitch-free triangle     ,                                                                                                 
Oby                    , unstable                                                     , 207.51   , 207.51   , 207.51   , 0.000    , dynamic        , dynamic dependency churn ,                                                                                                 
Oby                    , manyEffectsFromOneSource                                     , 447.57   , 447.57   , 447.57   , 0.000    , push           , wide fan-out             , checksum=180075672000                                                                           
Oby                    , manySourcesIntoOneComputedEffectWithDirect                   , 292.03   , 292.03   , 292.03   , 0.000    , pull           , wide fan-in              , checksum=1372929290292                                                                          
Oby                    , manySourcesIntoOneComputedEffect                             , 279.22   , 279.22   , 279.22   , 0.000    , pull           , wide fan-in              , checksum=1331323690944                                                                          
Oby                    , manySourcesIntoOneDirectEffect                               , 93.25    , 93.25    , 93.25    , 0.000    , pull           , wide fan-in              , checksum=41605599348                                                                            
Oby                    , molBench                                                     , 537.25   , 537.25   , 537.25   , 0.000    , dynamic        , mixed app graph          ,                                                                                                 
Oby                    , createDataSignals                                            , 18.16    , 18.16    , 18.16    , 0.000    , creation       , signal creation          ,                                                                                                 
Oby                    , createComputations0to1                                       , 18.86    , 18.86    , 18.86    , 0.000    , creation       , computed creation        ,                                                                                                 
Oby                    , createComputations1to1                                       , 13.80    , 13.80    , 13.80    , 0.000    , creation       , computed creation        ,                                                                                                 
Oby                    , createComputations2to1                                       , 25.52    , 25.52    , 25.52    , 0.000    , creation       , computed creation        ,                                                                                                 
Oby                    , createComputations4to1                                       , 17.38    , 17.38    , 17.38    , 0.000    , creation       , computed creation        ,                                                                                                 
Oby                    , createComputations1000to1                                    , 0.30     , 0.30     , 0.30     , 0.000    , creation       , computed creation        ,                                                                                                 
Oby                    , createComputations1to2                                       , 53.36    , 53.36    , 53.36    , 0.000    , creation       , computed creation        ,                                                                                                 
Oby                    , createComputations1to4                                       , 50.76    , 50.76    , 50.76    , 0.000    , creation       , computed creation        ,                                                                                                 
Oby                    , createComputations1to8                                       , 44.93    , 44.93    , 44.93    , 0.000    , creation       , computed creation        ,                                                                                                 
Oby                    , createComputations1to1000                                    , 43.28    , 43.28    , 43.28    , 0.000    , creation       , computed creation        ,                                                                                                 
Oby                    , updateComputations1to1                                       , 8.54     , 8.54     , 8.54     , 0.000    , update         , stable update            ,                                                                                                 
Oby                    , updateComputations2to1                                       , 7.38     , 7.38     , 7.38     , 0.000    , update         , stable update            ,                                                                                                 
Oby                    , updateComputations4to1                                       , 5.43     , 5.43     , 5.43     , 0.000    , update         , stable update            ,                                                                                                 
Oby                    , updateComputations1000to1                                    , 0.48     , 0.48     , 0.48     , 0.000    , update         , stable update            ,                                                                                                 
Oby                    , updateComputations1to2                                       , 6.56     , 6.56     , 6.56     , 0.000    , update         , stable update            ,                                                                                                 
Oby                    , updateComputations1to4                                       , 4.28     , 4.28     , 4.28     , 0.000    , update         , stable update            ,                                                                                                 
Oby                    , updateComputations1to1000                                    , 0.72     , 0.72     , 0.72     , 0.000    , update         , stable update            ,                                                                                                 
Oby                    , 64x6 - 4 sources - dynamic - read 12% (dashboard selective r , 671.91   , 671.91   , 671.91   , 0.000    , dynamic        , dynamic rectangular DAG  , nodesRecomputed=2642029 nodesVisited=2642029 edgesTraversed=10568081 sinkReads=960008           
Oby                    , 24x8 - 3 sources - dynamic - read 40% (editor derived state) , 1000.18  , 1000.18  , 1000.18  , 0.000    , dynamic        , dynamic rectangular DAG  , nodesRecomputed=4736332 nodesVisited=4736332 edgesTraversed=14208887 sinkReads=900010           
Oby                    , 120x7 - 5 sources - dynamic - read 18% (kanban board)        , 525.79   , 525.79   , 525.79   , 0.000    , dynamic        , dynamic rectangular DAG  , nodesRecomputed=1765496 nodesVisited=1765496 edgesTraversed=8827231 sinkReads=660022            
Oby                    , 40x10 - 4 sources - dynamic - read 60% (entity detail page)  , 963.89   , 963.89   , 963.89   , 0.000    , dynamic        , dynamic rectangular DAG  , nodesRecomputed=3984210 nodesVisited=3984210 edgesTraversed=15936789 sinkReads=720024           
Oby                    , 256->512x32 - fanIn 4 - layered-dag - 4 sources (layered ful , 162.88   , 162.88   , 162.88   , 0.000    , large_graph    , layered DAG              , nodesRecomputed=249624 nodesVisited=249624 edgesTraversed=998496 sinkReads=61952                
Oby                    , 256->512x32 - fanIn 4 - layered-dag - 4 sources - warm 320 ( , 155.72   , 155.72   , 155.72   , 0.000    , large_graph    , layered DAG              , nodesRecomputed=235200 nodesVisited=235200 edgesTraversed=940800 sinkReads=61952                
Oby                    , 256->512x32 - fanIn 8 - layered-dag - 8 sources - burst 16 - , 1538.00  , 1538.00  , 1538.00  , 0.000    , large_graph    , layered DAG              , nodesRecomputed=1529088 nodesVisited=1529088 edgesTraversed=12232704 sinkReads=49664            
Oby                    , 256->512x32 - fanIn 8 - diamond-mesh - 8 sources - warm 256  , 10.89    , 10.89    , 10.89    , 0.000    , large_graph    , diamond mesh             , nodesRecomputed=24576 nodesVisited=24576 edgesTraversed=196608 sinkReads=49664                  
Oby                    , 32x8 - 4 sources - pull (pure pull)                          , 38.46    , 38.46    , 38.46    , 0.000    , pull           , stable rectangular DAG   , nodesRecomputed=224 nodesVisited=224 edgesTraversed=896 sinkReads=32                            
Oby                    , 8x64 - 1 sources - pull (linear chain - 1 source - pull (lin , 85.73    , 85.73    , 85.73    , 0.000    , pull           , stable rectangular DAG   , nodesRecomputed=504 nodesVisited=504 edgesTraversed=504 sinkReads=8                             
Oby                    , 64x4 - 8 sources - pull (wide tree - 8 sources - pull (branc , 37.97    , 37.97    , 37.97    , 0.000    , pull           , stable rectangular DAG   , nodesRecomputed=192 nodesVisited=192 edgesTraversed=1536 sinkReads=64                           
Oby                    , 32x8 - 4 sources - push (pure push)                          , 293.29   , 293.29   , 293.29   , 0.000    , pull           , stable rectangular DAG   , nodesRecomputed=910133 nodesVisited=910133 edgesTraversed=3640532 sinkReads=220042              
Oby                    , 10x5 - 2 sources - read 20% (simple component)               , 505.72   , 505.72   , 505.72   , 0.000    , pull           , stable rectangular DAG   , nodesRecomputed=3180010 nodesVisited=3180010 edgesTraversed=6360020 sinkReads=1200002           
Oby                    , 10x10 - 6 sources - dynamic - read 20% (dynamic component)   , 388.56   , 388.56   , 388.56   , 0.000    , dynamic        , dynamic rectangular DAG  , nodesRecomputed=1140004 nodesVisited=1140004 edgesTraversed=6839936 sinkReads=30002             
Oby                    , 1000x12 - 4 sources - dynamic (large web app)                , 675.09   , 675.09   , 675.09   , 0.000    , dynamic        , dynamic rectangular DAG  , nodesRecomputed=1473786 nodesVisited=1473786 edgesTraversed=5891713 sinkReads=7001000           
Oby                    , 1000x5 - 25 sources (wide dense)                             , 834.17   , 834.17   , 834.17   , 0.000    , pull           , stable rectangular DAG   , nodesRecomputed=735756 nodesVisited=735756 edgesTraversed=18393900 sinkReads=3001000            
Oby                    , 5x500 - 3 sources (deep)                                     , 340.79   , 340.79   , 340.79   , 0.000    , pull           , stable rectangular DAG   , nodesRecomputed=1246502 nodesVisited=1246502 edgesTraversed=3739506 sinkReads=2505              
Signia                 , avoidablePropagation                                         , 753.37   , 753.37   , 753.37   , 0.000    , baseline       , selective propagation    ,                                                                                                 
Signia                 , broadPropagation                                             , 737.25   , 737.25   , 737.25   , 0.000    , baseline       , wide fan-out             ,                                                                                                 
Signia                 , deepPropagation                                              , 317.71   , 317.71   , 317.71   , 0.000    , pull           , linear chain             ,                                                                                                 
Signia                 , diamond                                                      , 681.43   , 681.43   , 681.43   , 0.000    , baseline       , diamond                  ,                                                                                                 
Signia                 , mux                                                          , 706.93   , 706.93   , 706.93   , 0.000    , dynamic        , dynamic branch           ,                                                                                                 
Signia                 , repeatedObservers                                            , 176.13   , 176.13   , 176.13   , 0.000    , baseline       , duplicate observer       ,                                                                                                 
Signia                 , triangle                                                     , 264.28   , 264.28   , 264.28   , 0.000    , baseline       , glitch-free triangle     ,                                                                                                 
Signia                 , unstable                                                     , 204.99   , 204.99   , 204.99   , 0.000    , dynamic        , dynamic dependency churn ,                                                                                                 
Signia                 , manyEffectsFromOneSource                                     , 528.89   , 528.89   , 528.89   , 0.000    , push           , wide fan-out             , checksum=180075672000                                                                           
Signia                 , manySourcesIntoOneComputedEffectWithDirect                   , 473.58   , 473.58   , 473.58   , 0.000    , pull           , wide fan-in              , checksum=1372929289844                                                                          
Signia                 , manySourcesIntoOneComputedEffect                             , 463.73   , 463.73   , 463.73   , 0.000    , pull           , wide fan-in              , checksum=1331323690944                                                                          
Signia                 , manySourcesIntoOneDirectEffect                               , 127.97   , 127.97   , 127.97   , 0.000    , pull           , wide fan-in              , checksum=41605598900                                                                            
Signia                 , molBench                                                     , 429.65   , 429.65   , 429.65   , 0.000    , dynamic        , mixed app graph          ,                                                                                                 
Signia                 , createDataSignals                                            , 10.61    , 10.61    , 10.61    , 0.000    , creation       , signal creation          ,                                                                                                 
Signia                 , createComputations0to1                                       , 7.72     , 7.72     , 7.72     , 0.000    , creation       , computed creation        ,                                                                                                 
Signia                 , createComputations1to1                                       , 25.17    , 25.17    , 25.17    , 0.000    , creation       , computed creation        ,                                                                                                 
Signia                 , createComputations2to1                                       , 18.85    , 18.85    , 18.85    , 0.000    , creation       , computed creation        ,                                                                                                 
Signia                 , createComputations4to1                                       , 14.69    , 14.69    , 14.69    , 0.000    , creation       , computed creation        ,                                                                                                 
Signia                 , createComputations1000to1                                    , 0.20     , 0.20     , 0.20     , 0.000    , creation       , computed creation        ,                                                                                                 
Signia                 , createComputations1to2                                       , 24.28    , 24.28    , 24.28    , 0.000    , creation       , computed creation        ,                                                                                                 
Signia                 , createComputations1to4                                       , 20.49    , 20.49    , 20.49    , 0.000    , creation       , computed creation        ,                                                                                                 
Signia                 , createComputations1to8                                       , 9.65     , 9.65     , 9.65     , 0.000    , creation       , computed creation        ,                                                                                                 
Signia                 , createComputations1to1000                                    , 7.58     , 7.58     , 7.58     , 0.000    , creation       , computed creation        ,                                                                                                 
Signia                 , updateComputations1to1                                       , 39.92    , 39.92    , 39.92    , 0.000    , update         , stable update            ,                                                                                                 
Signia                 , updateComputations2to1                                       , 10.40    , 10.40    , 10.40    , 0.000    , update         , stable update            ,                                                                                                 
Signia                 , updateComputations4to1                                       , 7.56     , 7.56     , 7.56     , 0.000    , update         , stable update            ,                                                                                                 
Signia                 , updateComputations1000to1                                    , 1.20     , 1.20     , 1.20     , 0.000    , update         , stable update            ,                                                                                                 
Signia                 , updateComputations1to2                                       , 11.47    , 11.47    , 11.47    , 0.000    , update         , stable update            ,                                                                                                 
Signia                 , updateComputations1to4                                       , 7.51     , 7.51     , 7.51     , 0.000    , update         , stable update            ,                                                                                                 
Signia                 , updateComputations1to1000                                    , 0.56     , 0.56     , 0.56     , 0.000    , update         , stable update            ,                                                                                                 
Signia                 , 64x6 - 4 sources - dynamic - read 12% (dashboard selective r , 1094.33  , 1094.33  , 1094.33  , 0.000    , dynamic        , dynamic rectangular DAG  , nodesRecomputed=2642029 nodesVisited=2642029 edgesTraversed=10568081 sinkReads=960008           
Signia                 , 24x8 - 3 sources - dynamic - read 40% (editor derived state) , 994.48   , 994.48   , 994.48   , 0.000    , dynamic        , dynamic rectangular DAG  , nodesRecomputed=4736332 nodesVisited=4736332 edgesTraversed=14208887 sinkReads=900010           
Signia                 , 120x7 - 5 sources - dynamic - read 18% (kanban board)        , 1144.82  , 1144.82  , 1144.82  , 0.000    , dynamic        , dynamic rectangular DAG  , nodesRecomputed=1765496 nodesVisited=1765496 edgesTraversed=8827231 sinkReads=660022            
Signia                 , 40x10 - 4 sources - dynamic - read 60% (entity detail page)  , 1057.58  , 1057.58  , 1057.58  , 0.000    , dynamic        , dynamic rectangular DAG  , nodesRecomputed=3984210 nodesVisited=3984210 edgesTraversed=15936789 sinkReads=720024           
Signia                 , 256->512x32 - fanIn 4 - layered-dag - 4 sources (layered ful , 297.36   , 297.36   , 297.36   , 0.000    , large_graph    , layered DAG              , nodesRecomputed=249624 nodesVisited=249624 edgesTraversed=998496 sinkReads=61952                
Signia                 , 256->512x32 - fanIn 4 - layered-dag - 4 sources - warm 320 ( , 317.61   , 317.61   , 317.61   , 0.000    , large_graph    , layered DAG              , nodesRecomputed=235200 nodesVisited=235200 edgesTraversed=940800 sinkReads=61952                
Signia                 , 256->512x32 - fanIn 8 - layered-dag - 8 sources - burst 16 - , 1304.02  , 1304.02  , 1304.02  , 0.000    , large_graph    , layered DAG              , nodesRecomputed=1529088 nodesVisited=1529088 edgesTraversed=12232704 sinkReads=49664            
Signia                 , 256->512x32 - fanIn 8 - diamond-mesh - 8 sources - warm 256  , 98.34    , 98.34    , 98.34    , 0.000    , large_graph    , diamond mesh             , nodesRecomputed=24576 nodesVisited=24576 edgesTraversed=196608 sinkReads=49664                  
Signia                 , 32x8 - 4 sources - pull (pure pull)                          , 79.85    , 79.85    , 79.85    , 0.000    , pull           , stable rectangular DAG   , nodesRecomputed=224 nodesVisited=224 edgesTraversed=896 sinkReads=32                            
Signia                 , 8x64 - 1 sources - pull (linear chain - 1 source - pull (lin , 85.01    , 85.01    , 85.01    , 0.000    , pull           , stable rectangular DAG   , nodesRecomputed=504 nodesVisited=504 edgesTraversed=504 sinkReads=8                             
Signia                 , 64x4 - 8 sources - pull (wide tree - 8 sources - pull (branc , 82.80    , 82.80    , 82.80    , 0.000    , pull           , stable rectangular DAG   , nodesRecomputed=192 nodesVisited=192 edgesTraversed=1536 sinkReads=64                           
Signia                 , 32x8 - 4 sources - push (pure push)                          , 328.39   , 328.39   , 328.39   , 0.000    , pull           , stable rectangular DAG   , nodesRecomputed=910133 nodesVisited=910133 edgesTraversed=3640532 sinkReads=220010              
Signia                 , 10x5 - 2 sources - read 20% (simple component)               , 474.16   , 474.16   , 474.16   , 0.000    , pull           , stable rectangular DAG   , nodesRecomputed=3180010 nodesVisited=3180010 edgesTraversed=6360020 sinkReads=1200002           
Signia                 , 10x10 - 6 sources - dynamic - read 20% (dynamic component)   , 309.24   , 309.24   , 309.24   , 0.000    , dynamic        , dynamic rectangular DAG  , nodesRecomputed=1140004 nodesVisited=1140004 edgesTraversed=6839936 sinkReads=30002             
Signia                 , 1000x12 - 4 sources - dynamic (large web app)                , 4556.80  , 4556.80  , 4556.80  , 0.000    , dynamic        , dynamic rectangular DAG  , nodesRecomputed=1473786 nodesVisited=1473786 edgesTraversed=5891713 sinkReads=7001000           
Signia                 , 1000x5 - 25 sources (wide dense)                             , 2575.56  , 2575.56  , 2575.56  , 0.000    , pull           , stable rectangular DAG   , nodesRecomputed=735756 nodesVisited=735756 edgesTraversed=18393900 sinkReads=3001000            
Signia                 , 5x500 - 3 sources (deep)                                     , 249.74   , 249.74   , 249.74   , 0.000    , pull           , stable rectangular DAG   , nodesRecomputed=1246502 nodesVisited=1246502 edgesTraversed=3739506 sinkReads=2505              
@solidjs/signals       , avoidablePropagation                                         , 1121.34  , 1121.34  , 1121.34  , 0.000    , baseline       , selective propagation    ,                                                                                                 
@solidjs/signals       , broadPropagation                                             , 2118.78  , 2118.78  , 2118.78  , 0.000    , baseline       , wide fan-out             ,                                                                                                 
@solidjs/signals       , deepPropagation                                              , 713.72   , 713.72   , 713.72   , 0.000    , pull           , linear chain             ,                                                                                                 
@solidjs/signals       , diamond                                                      , 1472.64  , 1472.64  , 1472.64  , 0.000    , baseline       , diamond                  ,                                                                                                 
@solidjs/signals       , mux                                                          , 680.59   , 680.59   , 680.59   , 0.000    , dynamic        , dynamic branch           ,                                                                                                 
@solidjs/signals       , repeatedObservers                                            , 337.56   , 337.56   , 337.56   , 0.000    , baseline       , duplicate observer       ,                                                                                                 
@solidjs/signals       , triangle                                                     , 506.61   , 506.61   , 506.61   , 0.000    , baseline       , glitch-free triangle     ,                                                                                                 
@solidjs/signals       , unstable                                                     , 409.86   , 409.86   , 409.86   , 0.000    , dynamic        , dynamic dependency churn ,                                                                                                 
@solidjs/signals       , manyEffectsFromOneSource                                     , 1577.15  , 1577.15  , 1577.15  , 0.000    , push           , wide fan-out             , checksum=180075672000                                                                           
@solidjs/signals       , manySourcesIntoOneComputedEffectWithDirect                   , 468.50   , 468.50   , 468.50   , 0.000    , pull           , wide fan-in              , checksum=1372929289844                                                                          
@solidjs/signals       , manySourcesIntoOneComputedEffect                             , 456.15   , 456.15   , 456.15   , 0.000    , pull           , wide fan-in              , checksum=1331323690944                                                                          
@solidjs/signals       , manySourcesIntoOneDirectEffect                               , 147.96   , 147.96   , 147.96   , 0.000    , pull           , wide fan-in              , checksum=41605598900                                                                            
@solidjs/signals       , molBench                                                     , 580.45   , 580.45   , 580.45   , 0.000    , dynamic        , mixed app graph          ,                                                                                                 
@solidjs/signals       , createDataSignals                                            , 7.89     , 7.89     , 7.89     , 0.000    , creation       , signal creation          ,                                                                                                 
@solidjs/signals       , createComputations0to1                                       , 26.33    , 26.33    , 26.33    , 0.000    , creation       , computed creation        ,                                                                                                 
@solidjs/signals       , createComputations1to1                                       , 25.84    , 25.84    , 25.84    , 0.000    , creation       , computed creation        ,                                                                                                 
@solidjs/signals       , createComputations2to1                                       , 24.82    , 24.82    , 24.82    , 0.000    , creation       , computed creation        ,                                                                                                 
@solidjs/signals       , createComputations4to1                                       , 24.14    , 24.14    , 24.14    , 0.000    , creation       , computed creation        ,                                                                                                 
@solidjs/signals       , createComputations1000to1                                    , 21.81    , 21.81    , 21.81    , 0.000    , creation       , computed creation        ,                                                                                                 
@solidjs/signals       , createComputations1to2                                       , 26.05    , 26.05    , 26.05    , 0.000    , creation       , computed creation        ,                                                                                                 
@solidjs/signals       , createComputations1to4                                       , 28.26    , 28.26    , 28.26    , 0.000    , creation       , computed creation        ,                                                                                                 
@solidjs/signals       , createComputations1to8                                       , 36.45    , 36.45    , 36.45    , 0.000    , creation       , computed creation        ,                                                                                                 
@solidjs/signals       , createComputations1to1000                                    , 36.96    , 36.96    , 36.96    , 0.000    , creation       , computed creation        ,                                                                                                 
@solidjs/signals       , updateComputations1to1                                       , 11.27    , 11.27    , 11.27    , 0.000    , update         , stable update            ,                                                                                                 
@solidjs/signals       , updateComputations2to1                                       , 8.05     , 8.05     , 8.05     , 0.000    , update         , stable update            ,                                                                                                 
@solidjs/signals       , updateComputations4to1                                       , 6.88     , 6.88     , 6.88     , 0.000    , update         , stable update            ,                                                                                                 
@solidjs/signals       , updateComputations1000to1                                    , 1.02     , 1.02     , 1.02     , 0.000    , update         , stable update            ,                                                                                                 
@solidjs/signals       , updateComputations1to2                                       , 7.46     , 7.46     , 7.46     , 0.000    , update         , stable update            ,                                                                                                 
@solidjs/signals       , updateComputations1to4                                       , 5.74     , 5.74     , 5.74     , 0.000    , update         , stable update            ,                                                                                                 
@solidjs/signals       , updateComputations1to1000                                    , 5.72     , 5.72     , 5.72     , 0.000    , update         , stable update            ,                                                                                                 
@solidjs/signals       , 64x6 - 4 sources - dynamic - read 12% (dashboard selective r , 1792.25  , 1792.25  , 1792.25  , 0.000    , dynamic        , dynamic rectangular DAG  , nodesRecomputed=6000270 nodesVisited=6000270 edgesTraversed=24001017 sinkReads=960008 fallbackCo
@solidjs/signals       , 24x8 - 3 sources - dynamic - read 40% (editor derived state) , 1431.62  , 1431.62  , 1431.62  , 0.000    , dynamic        , dynamic rectangular DAG  , nodesRecomputed=5670087 nodesVisited=5670087 edgesTraversed=17010146 sinkReads=900010 fallbackCo
@solidjs/signals       , 120x7 - 5 sources - dynamic - read 18% (kanban board)        , 988.98   , 988.98   , 988.98   , 0.000    , dynamic        , dynamic rectangular DAG  , nodesRecomputed=2700620 nodesVisited=2700620 edgesTraversed=13502767 sinkReads=660022 fallbackCo
@solidjs/signals       , 40x10 - 4 sources - dynamic - read 60% (entity detail page)  , 1347.54  , 1347.54  , 1347.54  , 0.000    , dynamic        , dynamic rectangular DAG  , nodesRecomputed=4320213 nodesVisited=4320213 edgesTraversed=17280788 sinkReads=720024 fallbackCo
@solidjs/signals       , 256->512x32 - fanIn 4 - layered-dag - 4 sources (layered ful , 172.97   , 172.97   , 172.97   , 0.000    , large_graph    , layered DAG              , nodesRecomputed=233240 nodesVisited=233240 edgesTraversed=932960 sinkReads=61952 fallbackCount=0
@solidjs/signals       , 256->512x32 - fanIn 4 - layered-dag - 4 sources - warm 320 ( , 182.30   , 182.30   , 182.30   , 0.000    , large_graph    , layered DAG              , nodesRecomputed=235200 nodesVisited=235200 edgesTraversed=940800 sinkReads=61952 fallbackCount=0
@solidjs/signals       , 256->512x32 - fanIn 8 - layered-dag - 8 sources - burst 16 - , 1747.65  , 1747.65  , 1747.65  , 0.000    , large_graph    , layered DAG              , nodesRecomputed=1529088 nodesVisited=1529088 edgesTraversed=12232704 sinkReads=49664 fallbackCou
@solidjs/signals       , 256->512x32 - fanIn 8 - diamond-mesh - 8 sources - warm 256  , 20.42    , 20.42    , 20.42    , 0.000    , large_graph    , diamond mesh             , nodesRecomputed=24576 nodesVisited=24576 edgesTraversed=196608 sinkReads=49664 fallbackCount=0 h
@solidjs/signals       , 32x8 - 4 sources - pull (pure pull)                          , 41.10    , 41.10    , 41.10    , 0.000    , pull           , stable rectangular DAG   , nodesRecomputed=448 nodesVisited=448 edgesTraversed=1792 sinkReads=32 fallbackCount=0 heightAdju
@solidjs/signals       , 8x64 - 1 sources - pull (linear chain - 1 source - pull (lin , 81.74    , 81.74    , 81.74    , 0.000    , pull           , stable rectangular DAG   , nodesRecomputed=1008 nodesVisited=1008 edgesTraversed=1008 sinkReads=8 fallbackCount=0 heightAdj
@solidjs/signals       , 64x4 - 8 sources - pull (wide tree - 8 sources - pull (branc , 48.58    , 48.58    , 48.58    , 0.000    , pull           , stable rectangular DAG   , nodesRecomputed=384 nodesVisited=384 edgesTraversed=3072 sinkReads=64 fallbackCount=0 heightAdju
@solidjs/signals       , 32x8 - 4 sources - push (pure push)                          , 473.62   , 473.62   , 473.62   , 0.000    , pull           , stable rectangular DAG   , nodesRecomputed=910133 nodesVisited=910133 edgesTraversed=3640532 sinkReads=220010 fallbackCount
@solidjs/signals       , 10x5 - 2 sources - read 20% (simple component)               , 1963.89  , 1963.89  , 1963.89  , 0.000    , pull           , stable rectangular DAG   , nodesRecomputed=8400026 nodesVisited=8400026 edgesTraversed=16800052 sinkReads=1200002 fallbackC
@solidjs/signals       , 10x10 - 6 sources - dynamic - read 20% (dynamic component)   , 551.72   , 551.72   , 551.72   , 0.000    , dynamic        , dynamic rectangular DAG  , nodesRecomputed=1290004 nodesVisited=1290004 edgesTraversed=7739922 sinkReads=30002 fallbackCoun
@solidjs/signals       , 1000x12 - 4 sources - dynamic (large web app)                , 801.16   , 801.16   , 801.16   , 0.000    , dynamic        , dynamic rectangular DAG  , nodesRecomputed=1473786 nodesVisited=1473786 edgesTraversed=5891713 sinkReads=7001000 fallbackCo
@solidjs/signals       , 1000x5 - 25 sources (wide dense)                             , 1135.86  , 1135.86  , 1135.86  , 0.000    , pull           , stable rectangular DAG   , nodesRecomputed=735756 nodesVisited=735756 edgesTraversed=18393900 sinkReads=3001000 fallbackCou
@solidjs/signals       , 5x500 - 3 sources (deep)                                     , 387.70   , 387.70   , 387.70   , 0.000    , pull           , stable rectangular DAG   , nodesRecomputed=1246502 nodesVisited=1246502 edgesTraversed=3739506 sinkReads=2505 fallbackCount
SolidJS                , avoidablePropagation                                         , 828.17   , 828.17   , 828.17   , 0.000    , baseline       , selective propagation    ,                                                                                                 
SolidJS                , broadPropagation                                             , 1082.84  , 1082.84  , 1082.84  , 0.000    , baseline       , wide fan-out             ,                                                                                                 
SolidJS                , deepPropagation                                              , 453.17   , 453.17   , 453.17   , 0.000    , pull           , linear chain             ,                                                                                                 
SolidJS                , diamond                                                      , 794.57   , 794.57   , 794.57   , 0.000    , baseline       , diamond                  ,                                                                                                 
SolidJS                , mux                                                          , 712.24   , 712.24   , 712.24   , 0.000    , dynamic        , dynamic branch           ,                                                                                                 
SolidJS                , repeatedObservers                                            , 256.15   , 256.15   , 256.15   , 0.000    , baseline       , duplicate observer       ,                                                                                                 
SolidJS                , triangle                                                     , 358.42   , 358.42   , 358.42   , 0.000    , baseline       , glitch-free triangle     ,                                                                                                 
SolidJS                , unstable                                                     , 321.42   , 321.42   , 321.42   , 0.000    , dynamic        , dynamic dependency churn ,                                                                                                 
SolidJS                , manyEffectsFromOneSource                                     , 640.48   , 640.48   , 640.48   , 0.000    , push           , wide fan-out             , checksum=180075672000                                                                           
SolidJS                , manySourcesIntoOneComputedEffectWithDirect                   , 402.56   , 402.56   , 402.56   , 0.000    , pull           , wide fan-in              , checksum=1372929289844                                                                          
SolidJS                , manySourcesIntoOneComputedEffect                             , 371.67   , 371.67   , 371.67   , 0.000    , pull           , wide fan-in              , checksum=1331323690944                                                                          
SolidJS                , manySourcesIntoOneDirectEffect                               , 108.95   , 108.95   , 108.95   , 0.000    , pull           , wide fan-in              , checksum=41605598900                                                                            
SolidJS                , molBench                                                     , 544.75   , 544.75   , 544.75   , 0.000    , dynamic        , mixed app graph          ,                                                                                                 
SolidJS                , createDataSignals                                            , 7.58     , 7.58     , 7.58     , 0.000    , creation       , signal creation          ,                                                                                                 
SolidJS                , createComputations0to1                                       , 9.54     , 9.54     , 9.54     , 0.000    , creation       , computed creation        ,                                                                                                 
SolidJS                , createComputations1to1                                       , 11.90    , 11.90    , 11.90    , 0.000    , creation       , computed creation        ,                                                                                                 
SolidJS                , createComputations2to1                                       , 15.19    , 15.19    , 15.19    , 0.000    , creation       , computed creation        ,                                                                                                 
SolidJS                , createComputations4to1                                       , 15.80    , 15.80    , 15.80    , 0.000    , creation       , computed creation        ,                                                                                                 
SolidJS                , createComputations1000to1                                    , 7.76     , 7.76     , 7.76     , 0.000    , creation       , computed creation        ,                                                                                                 
SolidJS                , createComputations1to2                                       , 16.63    , 16.63    , 16.63    , 0.000    , creation       , computed creation        ,                                                                                                 
SolidJS                , createComputations1to4                                       , 18.40    , 18.40    , 18.40    , 0.000    , creation       , computed creation        ,                                                                                                 
SolidJS                , createComputations1to8                                       , 19.51    , 19.51    , 19.51    , 0.000    , creation       , computed creation        ,                                                                                                 
SolidJS                , createComputations1to1000                                    , 12.01    , 12.01    , 12.01    , 0.000    , creation       , computed creation        ,                                                                                                 
SolidJS                , updateComputations1to1                                       , 90.06    , 90.06    , 90.06    , 0.000    , update         , stable update            ,                                                                                                 
SolidJS                , updateComputations2to1                                       , 46.81    , 46.81    , 46.81    , 0.000    , update         , stable update            ,                                                                                                 
SolidJS                , updateComputations4to1                                       , 32.69    , 32.69    , 32.69    , 0.000    , update         , stable update            ,                                                                                                 
SolidJS                , updateComputations1000to1                                    , 41.85    , 41.85    , 41.85    , 0.000    , update         , stable update            ,                                                                                                 
SolidJS                , updateComputations1to2                                       , 68.87    , 68.87    , 68.87    , 0.000    , update         , stable update            ,                                                                                                 
SolidJS                , updateComputations1to4                                       , 57.21    , 57.21    , 57.21    , 0.000    , update         , stable update            ,                                                                                                 
SolidJS                , updateComputations1to1000                                    , 49.35    , 49.35    , 49.35    , 0.000    , update         , stable update            ,                                                                                                 
SolidJS                , 64x6 - 4 sources - dynamic - read 12% (dashboard selective r , 2250.57  , 2250.57  , 2250.57  , 0.000    , dynamic        , dynamic rectangular DAG  , nodesRecomputed=6000270 nodesVisited=6000270 edgesTraversed=24001017 sinkReads=960008           
SolidJS                , 24x8 - 3 sources - dynamic - read 40% (editor derived state) , 1877.89  , 1877.89  , 1877.89  , 0.000    , dynamic        , dynamic rectangular DAG  , nodesRecomputed=5670087 nodesVisited=5670087 edgesTraversed=17010146 sinkReads=900010           
SolidJS                , 120x7 - 5 sources - dynamic - read 18% (kanban board)        , 1224.62  , 1224.62  , 1224.62  , 0.000    , dynamic        , dynamic rectangular DAG  , nodesRecomputed=2700620 nodesVisited=2700620 edgesTraversed=13502767 sinkReads=660022           
SolidJS                , 40x10 - 4 sources - dynamic - read 60% (entity detail page)  , 1769.36  , 1769.36  , 1769.36  , 0.000    , dynamic        , dynamic rectangular DAG  , nodesRecomputed=4320213 nodesVisited=4320213 edgesTraversed=17280788 sinkReads=720024           
SolidJS                , 256->512x32 - fanIn 4 - layered-dag - 4 sources (layered ful , 334.64   , 334.64   , 334.64   , 0.000    , large_graph    , layered DAG              , nodesRecomputed=233240 nodesVisited=233240 edgesTraversed=932960 sinkReads=61952                
SolidJS                , 256->512x32 - fanIn 4 - layered-dag - 4 sources - warm 320 ( , 341.71   , 341.71   , 341.71   , 0.000    , large_graph    , layered DAG              , nodesRecomputed=235200 nodesVisited=235200 edgesTraversed=940800 sinkReads=61952                
SolidJS                , 256->512x32 - fanIn 8 - layered-dag - 8 sources - burst 16 - , 3344.60  , 3344.60  , 3344.60  , 0.000    , large_graph    , layered DAG              , nodesRecomputed=1529088 nodesVisited=1529088 edgesTraversed=12232704 sinkReads=49664            
SolidJS                , 256->512x32 - fanIn 8 - diamond-mesh - 8 sources - warm 256  , 24.45    , 24.45    , 24.45    , 0.000    , large_graph    , diamond mesh             , nodesRecomputed=24576 nodesVisited=24576 edgesTraversed=196608 sinkReads=49664                  
SolidJS                , 32x8 - 4 sources - pull (pure pull)                          , 367.43   , 367.43   , 367.43   , 0.000    , pull           , stable rectangular DAG   , nodesRecomputed=910133 nodesVisited=910133 edgesTraversed=3640532 sinkReads=32                  
SolidJS                , 8x64 - 1 sources - pull (linear chain - 1 source - pull (lin , 153.19   , 153.19   , 153.19   , 0.000    , pull           , stable rectangular DAG   , nodesRecomputed=630441 nodesVisited=630441 edgesTraversed=630441 sinkReads=8                    
SolidJS                , 64x4 - 8 sources - pull (wide tree - 8 sources - pull (branc , 291.75   , 291.75   , 291.75   , 0.000    , pull           , stable rectangular DAG   , nodesRecomputed=450147 nodesVisited=450147 edgesTraversed=3601176 sinkReads=64                  
SolidJS                , 32x8 - 4 sources - push (pure push)                          , 423.19   , 423.19   , 423.19   , 0.000    , pull           , stable rectangular DAG   , nodesRecomputed=910133 nodesVisited=910133 edgesTraversed=3640532 sinkReads=220010              
SolidJS                , 10x5 - 2 sources - read 20% (simple component)               , 2042.79  , 2042.79  , 2042.79  , 0.000    , pull           , stable rectangular DAG   , nodesRecomputed=8400026 nodesVisited=8400026 edgesTraversed=16800052 sinkReads=1200002          
SolidJS                , 10x10 - 6 sources - dynamic - read 20% (dynamic component)   , 708.40   , 708.40   , 708.40   , 0.000    , dynamic        , dynamic rectangular DAG  , nodesRecomputed=1290004 nodesVisited=1290004 edgesTraversed=7739922 sinkReads=30002             
SolidJS                , 1000x12 - 4 sources - dynamic (large web app)                , 934.78   , 934.78   , 934.78   , 0.000    , dynamic        , dynamic rectangular DAG  , nodesRecomputed=1473786 nodesVisited=1473786 edgesTraversed=5891713 sinkReads=7001000           
SolidJS                , 1000x5 - 25 sources (wide dense)                             , 1391.41  , 1391.41  , 1391.41  , 0.000    , pull           , stable rectangular DAG   , nodesRecomputed=735756 nodesVisited=735756 edgesTraversed=18393900 sinkReads=3001000            
SolidJS                , 5x500 - 3 sources (deep)                                     , 527.64   , 527.64   , 527.64   , 0.000    , pull           , stable rectangular DAG   , nodesRecomputed=1246502 nodesVisited=1246502 edgesTraversed=3739506 sinkReads=2505              
uSignal                , avoidablePropagation                                         , 1200.62  , 1200.62  , 1200.62  , 0.000    , baseline       , selective propagation    ,                                                                                                 
uSignal                , broadPropagation                                             , 1139.51  , 1139.51  , 1139.51  , 0.000    , baseline       , wide fan-out             ,                                                                                                 
uSignal                , deepPropagation                                              , 444.34   , 444.34   , 444.34   , 0.000    , pull           , linear chain             ,                                                                                                 
uSignal                , diamond                                                      , 826.47   , 826.47   , 826.47   , 0.000    , baseline       , diamond                  ,                                                                                                 
uSignal                , mux                                                          , 1137.64  , 1137.64  , 1137.64  , 0.000    , dynamic        , dynamic branch           ,                                                                                                 
uSignal                , repeatedObservers                                            , 184.99   , 184.99   , 184.99   , 0.000    , baseline       , duplicate observer       ,                                                                                                 
uSignal                , triangle                                                     , 333.15   , 333.15   , 333.15   , 0.000    , baseline       , glitch-free triangle     ,                                                                                                 
uSignal                , unstable                                                     , 184.27   , 184.27   , 184.27   , 0.000    , dynamic        , dynamic dependency churn ,                                                                                                 
uSignal                , manyEffectsFromOneSource                                     , 665.03   , 665.03   , 665.03   , 0.000    , push           , wide fan-out             , checksum=180075672000                                                                           
uSignal                , manySourcesIntoOneComputedEffectWithDirect                   , 367.14   , 367.14   , 367.14   , 0.000    , pull           , wide fan-in              , checksum=1372929289844                                                                          
uSignal                , manySourcesIntoOneComputedEffect                             , 345.02   , 345.02   , 345.02   , 0.000    , pull           , wide fan-in              , checksum=1331323690944                                                                          
uSignal                , manySourcesIntoOneDirectEffect                               , 108.63   , 108.63   , 108.63   , 0.000    , pull           , wide fan-in              , checksum=41605598900                                                                            
uSignal                , molBench                                                     , 864.92   , 864.92   , 864.92   , 0.000    , dynamic        , mixed app graph          ,                                                                                                 
uSignal                , createDataSignals                                            , 14.82    , 14.82    , 14.82    , 0.000    , creation       , signal creation          ,                                                                                                 
uSignal                , createComputations0to1                                       , 8.75     , 8.75     , 8.75     , 0.000    , creation       , computed creation        ,                                                                                                 
uSignal                , createComputations1to1                                       , 27.31    , 27.31    , 27.31    , 0.000    , creation       , computed creation        ,                                                                                                 
uSignal                , createComputations2to1                                       , 19.30    , 19.30    , 19.30    , 0.000    , creation       , computed creation        ,                                                                                                 
uSignal                , createComputations4to1                                       , 12.94    , 12.94    , 12.94    , 0.000    , creation       , computed creation        ,                                                                                                 
uSignal                , createComputations1000to1                                    , 0.21     , 0.21     , 0.21     , 0.000    , creation       , computed creation        ,                                                                                                 
uSignal                , createComputations1to2                                       , 27.00    , 27.00    , 27.00    , 0.000    , creation       , computed creation        ,                                                                                                 
uSignal                , createComputations1to4                                       , 22.20    , 22.20    , 22.20    , 0.000    , creation       , computed creation        ,                                                                                                 
uSignal                , createComputations1to8                                       , 10.39    , 10.39    , 10.39    , 0.000    , creation       , computed creation        ,                                                                                                 
uSignal                , createComputations1to1000                                    , 8.20     , 8.20     , 8.20     , 0.000    , creation       , computed creation        ,                                                                                                 
uSignal                , updateComputations1to1                                       , 4.65     , 4.65     , 4.65     , 0.000    , update         , stable update            ,                                                                                                 
uSignal                , updateComputations2to1                                       , 2.59     , 2.59     , 2.59     , 0.000    , update         , stable update            ,                                                                                                 
uSignal                , updateComputations4to1                                       , 1.84     , 1.84     , 1.84     , 0.000    , update         , stable update            ,                                                                                                 
uSignal                , updateComputations1000to1                                    , 0.22     , 0.22     , 0.22     , 0.000    , update         , stable update            ,                                                                                                 
uSignal                , updateComputations1to2                                       , 2.74     , 2.74     , 2.74     , 0.000    , update         , stable update            ,                                                                                                 
uSignal                , updateComputations1to4                                       , 1.90     , 1.90     , 1.90     , 0.000    , update         , stable update            ,                                                                                                 
uSignal                , updateComputations1to1000                                    , 0.31     , 0.31     , 0.31     , 0.000    , update         , stable update            ,                                                                                                 
uSignal                , 64x6 - 4 sources - dynamic - read 12% (dashboard selective r , 748.85   , 748.85   , 748.85   , 0.000    , dynamic        , dynamic rectangular DAG  , nodesRecomputed=2642029 nodesVisited=2642029 edgesTraversed=10568081 sinkReads=960008           
uSignal                , 24x8 - 3 sources - dynamic - read 40% (editor derived state) , 1135.50  , 1135.50  , 1135.50  , 0.000    , dynamic        , dynamic rectangular DAG  , nodesRecomputed=4736332 nodesVisited=4736332 edgesTraversed=14208887 sinkReads=900010           
uSignal                , 120x7 - 5 sources - dynamic - read 18% (kanban board)        , 801.50   , 801.50   , 801.50   , 0.000    , dynamic        , dynamic rectangular DAG  , nodesRecomputed=1765496 nodesVisited=1765496 edgesTraversed=8827231 sinkReads=660022            
uSignal                , 40x10 - 4 sources - dynamic - read 60% (entity detail page)  , 1176.29  , 1176.29  , 1176.29  , 0.000    , dynamic        , dynamic rectangular DAG  , nodesRecomputed=3984210 nodesVisited=3984210 edgesTraversed=15936789 sinkReads=720024           
uSignal                , 256->512x32 - fanIn 4 - layered-dag - 4 sources (layered ful , 163.27   , 163.27   , 163.27   , 0.000    , large_graph    , layered DAG              , nodesRecomputed=249624 nodesVisited=249624 edgesTraversed=998496 sinkReads=61952                
uSignal                , 256->512x32 - fanIn 4 - layered-dag - 4 sources - warm 320 ( , 161.86   , 161.86   , 161.86   , 0.000    , large_graph    , layered DAG              , nodesRecomputed=235200 nodesVisited=235200 edgesTraversed=940800 sinkReads=61952                
uSignal                , 256->512x32 - fanIn 8 - layered-dag - 8 sources - burst 16 - , 2302.93  , 2302.93  , 2302.93  , 0.000    , large_graph    , layered DAG              , nodesRecomputed=1529088 nodesVisited=1529088 edgesTraversed=12232704 sinkReads=49664            
uSignal                , 256->512x32 - fanIn 8 - diamond-mesh - 8 sources - warm 256  , 11.14    , 11.14    , 11.14    , 0.000    , large_graph    , diamond mesh             , nodesRecomputed=24576 nodesVisited=24576 edgesTraversed=196608 sinkReads=49664                  
uSignal                , 32x8 - 4 sources - pull (pure pull)                          , 37.99    , 37.99    , 37.99    , 0.000    , pull           , stable rectangular DAG   , nodesRecomputed=224 nodesVisited=224 edgesTraversed=896 sinkReads=32                            
uSignal                , 8x64 - 1 sources - pull (linear chain - 1 source - pull (lin , 42.09    , 42.09    , 42.09    , 0.000    , pull           , stable rectangular DAG   , nodesRecomputed=504 nodesVisited=504 edgesTraversed=504 sinkReads=8                             
uSignal                , 64x4 - 8 sources - pull (wide tree - 8 sources - pull (branc , 37.61    , 37.61    , 37.61    , 0.000    , pull           , stable rectangular DAG   , nodesRecomputed=192 nodesVisited=192 edgesTraversed=1536 sinkReads=64                           
uSignal                , 32x8 - 4 sources - push (pure push)                          , 355.32   , 355.32   , 355.32   , 0.000    , pull           , stable rectangular DAG   , nodesRecomputed=910133 nodesVisited=910133 edgesTraversed=3640532 sinkReads=220010              
uSignal                , 10x5 - 2 sources - read 20% (simple component)               , 547.76   , 547.76   , 547.76   , 0.000    , pull           , stable rectangular DAG   , nodesRecomputed=3180010 nodesVisited=3180010 edgesTraversed=6360020 sinkReads=1200002           
uSignal                , 10x10 - 6 sources - dynamic - read 20% (dynamic component)   , 517.96   , 517.96   , 517.96   , 0.000    , dynamic        , dynamic rectangular DAG  , nodesRecomputed=1140004 nodesVisited=1140004 edgesTraversed=6839936 sinkReads=30002             
uSignal                , 1000x12 - 4 sources - dynamic (large web app)                , 656.63   , 656.63   , 656.63   , 0.000    , dynamic        , dynamic rectangular DAG  , nodesRecomputed=1473786 nodesVisited=1473786 edgesTraversed=5891713 sinkReads=7001000           
uSignal                , 1000x5 - 25 sources (wide dense)                             , 1435.63  , 1435.63  , 1435.63  , 0.000    , pull           , stable rectangular DAG   , nodesRecomputed=735756 nodesVisited=735756 edgesTraversed=18393900 sinkReads=3001000            
uSignal                , 5x500 - 3 sources (deep)                                     , 369.40   , 369.40   , 369.40   , 0.000    , pull           , stable rectangular DAG   , nodesRecomputed=1246502 nodesVisited=1246502 edgesTraversed=3739506 sinkReads=2505              
@vue/reactivity        , avoidablePropagation                                         , 777.23   , 777.23   , 777.23   , 0.000    , baseline       , selective propagation    ,                                                                                                 
@vue/reactivity        , broadPropagation                                             , 683.07   , 683.07   , 683.07   , 0.000    , baseline       , wide fan-out             ,                                                                                                 
@vue/reactivity        , deepPropagation                                              , 297.32   , 297.32   , 297.32   , 0.000    , pull           , linear chain             ,                                                                                                 
@vue/reactivity        , diamond                                                      , 578.39   , 578.39   , 578.39   , 0.000    , baseline       , diamond                  ,                                                                                                 
@vue/reactivity        , mux                                                          , 601.29   , 601.29   , 601.29   , 0.000    , dynamic        , dynamic branch           ,                                                                                                 
@vue/reactivity        , repeatedObservers                                            , 139.68   , 139.68   , 139.68   , 0.000    , baseline       , duplicate observer       ,                                                                                                 
@vue/reactivity        , triangle                                                     , 239.05   , 239.05   , 239.05   , 0.000    , baseline       , glitch-free triangle     ,                                                                                                 
@vue/reactivity        , unstable                                                     , 193.48   , 193.48   , 193.48   , 0.000    , dynamic        , dynamic dependency churn ,                                                                                                 
@vue/reactivity        , manyEffectsFromOneSource                                     , 392.75   , 392.75   , 392.75   , 0.000    , push           , wide fan-out             , checksum=180075672000                                                                           
@vue/reactivity        , manySourcesIntoOneComputedEffectWithDirect                   , 339.03   , 339.03   , 339.03   , 0.000    , pull           , wide fan-in              , checksum=10692195069556                                                                         
@vue/reactivity        , manySourcesIntoOneComputedEffect                             , 293.36   , 293.36   , 293.36   , 0.000    , pull           , wide fan-in              , checksum=10650589470656                                                                         
@vue/reactivity        , manySourcesIntoOneDirectEffect                               , 99.80    , 99.80    , 99.80    , 0.000    , pull           , wide fan-in              , checksum=41605598900                                                                            
@vue/reactivity        , molBench                                                     , 1095.38  , 1095.38  , 1095.38  , 0.000    , dynamic        , mixed app graph          ,                                                                                                 
@vue/reactivity        , createDataSignals                                            , 5.18     , 5.18     , 5.18     , 0.000    , creation       , signal creation          ,                                                                                                 
@vue/reactivity        , createComputations0to1                                       , 9.28     , 9.28     , 9.28     , 0.000    , creation       , computed creation        ,                                                                                                 
@vue/reactivity        , createComputations1to1                                       , 25.02    , 25.02    , 25.02    , 0.000    , creation       , computed creation        ,                                                                                                 
@vue/reactivity        , createComputations2to1                                       , 15.62    , 15.62    , 15.62    , 0.000    , creation       , computed creation        ,                                                                                                 
@vue/reactivity        , createComputations4to1                                       , 12.40    , 12.40    , 12.40    , 0.000    , creation       , computed creation        ,                                                                                                 
@vue/reactivity        , createComputations1000to1                                    , 0.14     , 0.14     , 0.14     , 0.000    , creation       , computed creation        ,                                                                                                 
@vue/reactivity        , createComputations1to2                                       , 17.52    , 17.52    , 17.52    , 0.000    , creation       , computed creation        ,                                                                                                 
@vue/reactivity        , createComputations1to4                                       , 11.96    , 11.96    , 11.96    , 0.000    , creation       , computed creation        ,                                                                                                 
@vue/reactivity        , createComputations1to8                                       , 10.94    , 10.94    , 10.94    , 0.000    , creation       , computed creation        ,                                                                                                 
@vue/reactivity        , createComputations1to1000                                    , 9.88     , 9.88     , 9.88     , 0.000    , creation       , computed creation        ,                                                                                                 
@vue/reactivity        , updateComputations1to1                                       , 7.50     , 7.50     , 7.50     , 0.000    , update         , stable update            ,                                                                                                 
@vue/reactivity        , updateComputations2to1                                       , 5.53     , 5.53     , 5.53     , 0.000    , update         , stable update            ,                                                                                                 
@vue/reactivity        , updateComputations4to1                                       , 4.11     , 4.11     , 4.11     , 0.000    , update         , stable update            ,                                                                                                 
@vue/reactivity        , updateComputations1000to1                                    , 0.59     , 0.59     , 0.59     , 0.000    , update         , stable update            ,                                                                                                 
@vue/reactivity        , updateComputations1to2                                       , 4.71     , 4.71     , 4.71     , 0.000    , update         , stable update            ,                                                                                                 
@vue/reactivity        , updateComputations1to4                                       , 3.76     , 3.76     , 3.76     , 0.000    , update         , stable update            ,                                                                                                 
@vue/reactivity        , updateComputations1to1000                                    , 0.46     , 0.46     , 0.46     , 0.000    , update         , stable update            ,                                                                                                 
@vue/reactivity        , 64x6 - 4 sources - dynamic - read 12% (dashboard selective r , 1223.52  , 1223.52  , 1223.52  , 0.000    , dynamic        , dynamic rectangular DAG  , nodesRecomputed=2642029 nodesVisited=2642029 edgesTraversed=10568081 sinkReads=960008           
@vue/reactivity        , 24x8 - 3 sources - dynamic - read 40% (editor derived state) , 1049.94  , 1049.94  , 1049.94  , 0.000    , dynamic        , dynamic rectangular DAG  , nodesRecomputed=4736332 nodesVisited=4736332 edgesTraversed=14208887 sinkReads=900010           
@vue/reactivity        , 120x7 - 5 sources - dynamic - read 18% (kanban board)        , 1496.81  , 1496.81  , 1496.81  , 0.000    , dynamic        , dynamic rectangular DAG  , nodesRecomputed=1765496 nodesVisited=1765496 edgesTraversed=8827231 sinkReads=660022            
@vue/reactivity        , 40x10 - 4 sources - dynamic - read 60% (entity detail page)  , 1269.01  , 1269.01  , 1269.01  , 0.000    , dynamic        , dynamic rectangular DAG  , nodesRecomputed=3984210 nodesVisited=3984210 edgesTraversed=15936789 sinkReads=720024           
@vue/reactivity        , 256->512x32 - fanIn 4 - layered-dag - 4 sources (layered ful , 336.79   , 336.79   , 336.79   , 0.000    , large_graph    , layered DAG              , nodesRecomputed=249624 nodesVisited=249624 edgesTraversed=998496 sinkReads=61952                
@vue/reactivity        , 256->512x32 - fanIn 4 - layered-dag - 4 sources - warm 320 ( , 301.57   , 301.57   , 301.57   , 0.000    , large_graph    , layered DAG              , nodesRecomputed=235200 nodesVisited=235200 edgesTraversed=940800 sinkReads=61952                
@vue/reactivity        , 256->512x32 - fanIn 8 - layered-dag - 8 sources - burst 16 - , 1497.73  , 1497.73  , 1497.73  , 0.000    , large_graph    , layered DAG              , nodesRecomputed=1529088 nodesVisited=1529088 edgesTraversed=12232704 sinkReads=49664            
@vue/reactivity        , 256->512x32 - fanIn 8 - diamond-mesh - 8 sources - warm 256  , 98.38    , 98.38    , 98.38    , 0.000    , large_graph    , diamond mesh             , nodesRecomputed=24576 nodesVisited=24576 edgesTraversed=196608 sinkReads=49664                  
@vue/reactivity        , 32x8 - 4 sources - pull (pure pull)                          , 78.62    , 78.62    , 78.62    , 0.000    , pull           , stable rectangular DAG   , nodesRecomputed=224 nodesVisited=224 edgesTraversed=896 sinkReads=32                            
@vue/reactivity        , 8x64 - 1 sources - pull (linear chain - 1 source - pull (lin , 84.52    , 84.52    , 84.52    , 0.000    , pull           , stable rectangular DAG   , nodesRecomputed=504 nodesVisited=504 edgesTraversed=504 sinkReads=8                             
@vue/reactivity        , 64x4 - 8 sources - pull (wide tree - 8 sources - pull (branc , 82.58    , 82.58    , 82.58    , 0.000    , pull           , stable rectangular DAG   , nodesRecomputed=192 nodesVisited=192 edgesTraversed=1536 sinkReads=64                           
@vue/reactivity        , 32x8 - 4 sources - push (pure push)                          , 315.17   , 315.17   , 315.17   , 0.000    , pull           , stable rectangular DAG   , nodesRecomputed=910133 nodesVisited=910133 edgesTraversed=3640532 sinkReads=220010              
@vue/reactivity        , 10x5 - 2 sources - read 20% (simple component)               , 569.06   , 569.06   , 569.06   , 0.000    , pull           , stable rectangular DAG   , nodesRecomputed=3180010 nodesVisited=3180010 edgesTraversed=6360020 sinkReads=1200002           
@vue/reactivity        , 10x10 - 6 sources - dynamic - read 20% (dynamic component)   , 353.42   , 353.42   , 353.42   , 0.000    , dynamic        , dynamic rectangular DAG  , nodesRecomputed=1140004 nodesVisited=1140004 edgesTraversed=6839936 sinkReads=30002             
@vue/reactivity        , 1000x12 - 4 sources - dynamic (large web app)                , 5082.16  , 5082.16  , 5082.16  , 0.000    , dynamic        , dynamic rectangular DAG  , nodesRecomputed=1473786 nodesVisited=1473786 edgesTraversed=5891713 sinkReads=7001000           
@vue/reactivity        , 1000x5 - 25 sources (wide dense)                             , 6150.16  , 6150.16  , 6150.16  , 0.000    , pull           , stable rectangular DAG   , nodesRecomputed=735756 nodesVisited=735756 edgesTraversed=18393900 sinkReads=3001000            
@vue/reactivity        , 5x500 - 3 sources (deep)                                     , 258.19   , 258.19   , 258.19   , 0.000    , pull           , stable rectangular DAG   , nodesRecomputed=1246502 nodesVisited=1246502 edgesTraversed=3739506 sinkReads=2505              
MobX                   , avoidablePropagation                                         , 1382.19  , 1382.19  , 1382.19  , 0.000    , baseline       , selective propagation    ,                                                                                                 
MobX                   , broadPropagation                                             , 2541.01  , 2541.01  , 2541.01  , 0.000    , baseline       , wide fan-out             ,                                                                                                 
MobX                   , deepPropagation                                              , 863.42   , 863.42   , 863.42   , 0.000    , pull           , linear chain             ,                                                                                                 
MobX                   , diamond                                                      , 1560.31  , 1560.31  , 1560.31  , 0.000    , baseline       , diamond                  ,                                                                                                 
MobX                   , mux                                                          , 1208.87  , 1208.87  , 1208.87  , 0.000    , dynamic        , dynamic branch           ,                                                                                                 
MobX                   , repeatedObservers                                            , 228.96   , 228.96   , 228.96   , 0.000    , baseline       , duplicate observer       ,                                                                                                 
MobX                   , triangle                                                     , 555.98   , 555.98   , 555.98   , 0.000    , baseline       , glitch-free triangle     ,                                                                                                 
MobX                   , unstable                                                     , 384.57   , 384.57   , 384.57   , 0.000    , dynamic        , dynamic dependency churn ,                                                                                                 
MobX                   , manyEffectsFromOneSource                                     , 1701.22  , 1701.22  , 1701.22  , 0.000    , push           , wide fan-out             , checksum=180075672000                                                                           
MobX                   , manySourcesIntoOneComputedEffectWithDirect                   , 341.78   , 341.78   , 341.78   , 0.000    , pull           , wide fan-in              , checksum=1372929289844                                                                          
MobX                   , manySourcesIntoOneComputedEffect                             , 316.59   , 316.59   , 316.59   , 0.000    , pull           , wide fan-in              , checksum=1331323690944                                                                          
MobX                   , manySourcesIntoOneDirectEffect                               , 120.45   , 120.45   , 120.45   , 0.000    , pull           , wide fan-in              , checksum=41605598900                                                                            
MobX                   , molBench                                                     , 485.95   , 485.95   , 485.95   , 0.000    , dynamic        , mixed app graph          ,                                                                                                 
MobX                   , createDataSignals                                            , 18.91    , 18.91    , 18.91    , 0.000    , creation       , signal creation          ,                                                                                                 
MobX                   , createComputations0to1                                       , 12.46    , 12.46    , 12.46    , 0.000    , creation       , computed creation        ,                                                                                                 
MobX                   , createComputations1to1                                       , 37.37    , 37.37    , 37.37    , 0.000    , creation       , computed creation        ,                                                                                                 
MobX                   , createComputations2to1                                       , 28.19    , 28.19    , 28.19    , 0.000    , creation       , computed creation        ,                                                                                                 
MobX                   , createComputations4to1                                       , 20.58    , 20.58    , 20.58    , 0.000    , creation       , computed creation        ,                                                                                                 
MobX                   , createComputations1000to1                                    , 0.25     , 0.25     , 0.25     , 0.000    , creation       , computed creation        ,                                                                                                 
MobX                   , createComputations1to2                                       , 45.78    , 45.78    , 45.78    , 0.000    , creation       , computed creation        ,                                                                                                 
MobX                   , createComputations1to4                                       , 27.64    , 27.64    , 27.64    , 0.000    , creation       , computed creation        ,                                                                                                 
MobX                   , createComputations1to8                                       , 25.53    , 25.53    , 25.53    , 0.000    , creation       , computed creation        ,                                                                                                 
MobX                   , createComputations1to1000                                    , 16.53    , 16.53    , 16.53    , 0.000    , creation       , computed creation        ,                                                                                                 
MobX                   , updateComputations1to1                                       , 12.89    , 12.89    , 12.89    , 0.000    , update         , stable update            ,                                                                                                 
MobX                   , updateComputations2to1                                       , 8.81     , 8.81     , 8.81     , 0.000    , update         , stable update            ,                                                                                                 
MobX                   , updateComputations4to1                                       , 6.30     , 6.30     , 6.30     , 0.000    , update         , stable update            ,                                                                                                 
MobX                   , updateComputations1000to1                                    , 1.38     , 1.38     , 1.38     , 0.000    , update         , stable update            ,                                                                                                 
MobX                   , updateComputations1to2                                       , 8.32     , 8.32     , 8.32     , 0.000    , update         , stable update            ,                                                                                                 
MobX                   , updateComputations1to4                                       , 5.99     , 5.99     , 5.99     , 0.000    , update         , stable update            ,                                                                                                 
MobX                   , updateComputations1to1000                                    , 0.79     , 0.79     , 0.79     , 0.000    , update         , stable update            ,                                                                                                 
MobX                   , 64x6 - 4 sources - dynamic - read 12% (dashboard selective r , 1572.66  , 1572.66  , 1572.66  , 0.000    , dynamic        , dynamic rectangular DAG  , nodesRecomputed=2642029 nodesVisited=2642029 edgesTraversed=10568081 sinkReads=960008           
MobX                   , 24x8 - 3 sources - dynamic - read 40% (editor derived state) , 2551.73  , 2551.73  , 2551.73  , 0.000    , dynamic        , dynamic rectangular DAG  , nodesRecomputed=4736332 nodesVisited=4736332 edgesTraversed=14208887 sinkReads=900010           
MobX                   , 120x7 - 5 sources - dynamic - read 18% (kanban board)        , 1264.93  , 1264.93  , 1264.93  , 0.000    , dynamic        , dynamic rectangular DAG  , nodesRecomputed=1765496 nodesVisited=1765496 edgesTraversed=8827231 sinkReads=660022            
MobX                   , 40x10 - 4 sources - dynamic - read 60% (entity detail page)  , 2384.30  , 2384.30  , 2384.30  , 0.000    , dynamic        , dynamic rectangular DAG  , nodesRecomputed=3984210 nodesVisited=3984210 edgesTraversed=15936789 sinkReads=720024           
MobX                   , 256->512x32 - fanIn 4 - layered-dag - 4 sources (layered ful , 343.39   , 343.39   , 343.39   , 0.000    , large_graph    , layered DAG              , nodesRecomputed=249624 nodesVisited=249624 edgesTraversed=998496 sinkReads=61952                
MobX                   , 256->512x32 - fanIn 4 - layered-dag - 4 sources - warm 320 ( , 379.39   , 379.39   , 379.39   , 0.000    , large_graph    , layered DAG              , nodesRecomputed=249624 nodesVisited=249624 edgesTraversed=998496 sinkReads=61952                
MobX                   , 256->512x32 - fanIn 8 - layered-dag - 8 sources - burst 16 - , 2855.83  , 2855.83  , 2855.83  , 0.000    , large_graph    , layered DAG              , nodesRecomputed=1529544 nodesVisited=1529544 edgesTraversed=12236352 sinkReads=49664            
MobX                   , 256->512x32 - fanIn 8 - diamond-mesh - 8 sources - warm 256  , 62.24    , 62.24    , 62.24    , 0.000    , large_graph    , diamond mesh             , nodesRecomputed=40704 nodesVisited=40704 edgesTraversed=325632 sinkReads=49664                  
MobX                   , 32x8 - 4 sources - pull (pure pull)                          , 47.59    , 47.59    , 47.59    , 0.000    , pull           , stable rectangular DAG   , nodesRecomputed=2240 nodesVisited=2240 edgesTraversed=8960 sinkReads=32                         
MobX                   , 8x64 - 1 sources - pull (linear chain - 1 source - pull (lin , 44.01    , 44.01    , 44.01    , 0.000    , pull           , stable rectangular DAG   , nodesRecomputed=504 nodesVisited=504 edgesTraversed=504 sinkReads=8                             
MobX                   , 64x4 - 8 sources - pull (wide tree - 8 sources - pull (branc , 48.05    , 48.05    , 48.05    , 0.000    , pull           , stable rectangular DAG   , nodesRecomputed=1536 nodesVisited=1536 edgesTraversed=12288 sinkReads=64                        
MobX                   , 32x8 - 4 sources - push (pure push)                          , 678.28   , 678.28   , 678.28   , 0.000    , pull           , stable rectangular DAG   , nodesRecomputed=910133 nodesVisited=910133 edgesTraversed=3640532 sinkReads=220010              
MobX                   , 10x5 - 2 sources - read 20% (simple component)               , 1279.65  , 1279.65  , 1279.65  , 0.000    , pull           , stable rectangular DAG   , nodesRecomputed=3180010 nodesVisited=3180010 edgesTraversed=6360020 sinkReads=1200002           
MobX                   , 10x10 - 6 sources - dynamic - read 20% (dynamic component)   , 943.54   , 943.54   , 943.54   , 0.000    , dynamic        , dynamic rectangular DAG  , nodesRecomputed=1140004 nodesVisited=1140004 edgesTraversed=6839936 sinkReads=30002             
MobX                   , 1000x12 - 4 sources - dynamic (large web app)                , 1259.36  , 1259.36  , 1259.36  , 0.000    , dynamic        , dynamic rectangular DAG  , nodesRecomputed=1473786 nodesVisited=1473786 edgesTraversed=5891713 sinkReads=7001000           
MobX                   , 1000x5 - 25 sources (wide dense)                             , 1804.63  , 1804.63  , 1804.63  , 0.000    , pull           , stable rectangular DAG   , nodesRecomputed=735756 nodesVisited=735756 edgesTraversed=18393900 sinkReads=3001000            
MobX                   , 5x500 - 3 sources (deep)                                     , 690.12   , 690.12   , 690.12   , 0.000    , pull           , stable rectangular DAG   , nodesRecomputed=1246502 nodesVisited=1246502 edgesTraversed=3739506 sinkReads=2505              
