framework              , test                                                         , time     , p95      , p99      , cv       , group          , family                   , metrics                                                                                         
lite                   , avoidablePropagation                                         , 443.50   , 481.64   , 484.10   , 0.041    , baseline       , selective propagation    ,                                                                                                 
lite                   , broadPropagation                                             , 361.80   , 386.71   , 389.54   , 0.034    , baseline       , wide fan-out             ,                                                                                                 
lite                   , deepPropagation                                              , 164.42   , 172.71   , 175.85   , 0.022    , pull           , linear chain             ,                                                                                                 
lite                   , diamond                                                      , 350.99   , 371.94   , 381.82   , 0.029    , baseline       , diamond                  ,                                                                                                 
lite                   , mux                                                          , 340.10   , 381.95   , 401.64   , 0.057    , dynamic        , dynamic branch           ,                                                                                                 
lite                   , repeatedObservers                                            , 116.95   , 126.34   , 128.56   , 0.033    , baseline       , duplicate observer       ,                                                                                                 
lite                   , triangle                                                     , 138.33   , 154.25   , 160.72   , 0.052    , baseline       , glitch-free triangle     ,                                                                                                 
lite                   , unstable                                                     , 127.87   , 138.69   , 141.43   , 0.036    , dynamic        , dynamic dependency churn ,                                                                                                 
lite                   , manyEffectsFromOneSource                                     , 232.97   , 251.43   , 261.38   , 0.039    , push           , wide fan-out             , checksum=180075672000                                                                           
lite                   , manySourcesIntoOneComputedEffectWithDirect                   , 158.22   , 168.02   , 171.11   , 0.027    , pull           , wide fan-in              , checksum=1372929289844                                                                          
lite                   , manySourcesIntoOneComputedEffect                             , 151.22   , 160.73   , 163.68   , 0.028    , pull           , wide fan-in              , checksum=1331323690944                                                                          
lite                   , manySourcesIntoOneDirectEffect                               , 68.54    , 79.30    , 82.33    , 0.065    , pull           , wide fan-in              , checksum=41605598900                                                                            
lite                   , molBench                                                     , 389.36   , 392.61   , 392.95   , 0.012    , dynamic        , mixed app graph          ,                                                                                                 
lite                   , createDataSignals                                            , 13.25    , 17.35    , 17.42    , 0.158    , creation       , signal creation          ,                                                                                                 
lite                   , createComputations0to1                                       , 20.14    , 99.97    , 108.77   , 0.893    , creation       , computed creation        ,                                                                                                 
lite                   , createComputations1to1                                       , 37.06    , 53.27    , 53.42    , 0.352    , creation       , computed creation        ,                                                                                                 
lite                   , createComputations2to1                                       , 28.66    , 41.95    , 42.93    , 0.437    , creation       , computed creation        ,                                                                                                 
lite                   , createComputations4to1                                       , 21.78    , 25.34    , 25.43    , 0.471    , creation       , computed creation        ,                                                                                                 
lite                   , createComputations1000to1                                    , 0.15     , 0.17     , 0.17     , 0.124    , creation       , computed creation        ,                                                                                                 
lite                   , createComputations1to2                                       , 29.91    , 294.43   , 359.10   , 1.359    , creation       , computed creation        ,                                                                                                 
lite                   , createComputations1to4                                       , 28.39    , 80.64    , 97.30    , 0.699    , creation       , computed creation        ,                                                                                                 
lite                   , createComputations1to8                                       , 51.02    , 178.40   , 199.47   , 0.844    , creation       , computed creation        ,                                                                                                 
lite                   , createComputations1to1000                                    , 25.68    , 93.69    , 100.42   , 0.750    , creation       , computed creation        ,                                                                                                 
lite                   , updateComputations1to1                                       , 5.54     , 7.48     , 7.55     , 0.140    , update         , stable update            ,                                                                                                 
lite                   , updateComputations2to1                                       , 3.60     , 4.86     , 5.03     , 0.138    , update         , stable update            ,                                                                                                 
lite                   , updateComputations4to1                                       , 3.22     , 4.27     , 4.33     , 0.261    , update         , stable update            ,                                                                                                 
lite                   , updateComputations1000to1                                    , 0.13     , 0.23     , 0.26     , 0.420    , update         , stable update            ,                                                                                                 
lite                   , updateComputations1to2                                       , 3.71     , 4.64     , 4.70     , 0.103    , update         , stable update            ,                                                                                                 
lite                   , updateComputations1to4                                       , 3.51     , 4.25     , 4.26     , 0.210    , update         , stable update            ,                                                                                                 
lite                   , updateComputations1to1000                                    , 0.05     , 0.44     , 0.56     , 1.398    , update         , stable update            ,                                                                                                 
lite                   , 64x6 - 4 sources - dynamic - read 12% (dashboard selective r , 878.11   , 899.36   , 906.19   , 0.012    , dynamic        , dynamic rectangular DAG  , nodesRecomputed=2642029 nodesVisited=2642029 edgesTraversed=10568081 sinkReads=960008           
lite                   , 24x8 - 3 sources - dynamic - read 40% (editor derived state) , 788.29   , 793.39   , 793.97   , 0.007    , dynamic        , dynamic rectangular DAG  , nodesRecomputed=4736332 nodesVisited=4736332 edgesTraversed=14208887 sinkReads=900010           
lite                   , 120x7 - 5 sources - dynamic - read 18% (kanban board)        , 898.64   , 911.08   , 911.73   , 0.008    , dynamic        , dynamic rectangular DAG  , nodesRecomputed=1765496 nodesVisited=1765496 edgesTraversed=8827231 sinkReads=660022            
lite                   , 40x10 - 4 sources - dynamic - read 60% (entity detail page)  , 811.47   , 814.27   , 814.31   , 0.005    , dynamic        , dynamic rectangular DAG  , nodesRecomputed=3984210 nodesVisited=3984210 edgesTraversed=15936789 sinkReads=720024           
lite                   , 256->512x32 - fanIn 4 - layered-dag - 4 sources (layered ful , 201.75   , 245.50   , 247.91   , 0.167    , large_graph    , layered DAG              , nodesRecomputed=249624 nodesVisited=249624 edgesTraversed=998496 sinkReads=61952                
lite                   , 256->512x32 - fanIn 4 - layered-dag - 4 sources - warm 320 ( , 165.39   , 186.36   , 188.10   , 0.074    , large_graph    , layered DAG              , nodesRecomputed=235200 nodesVisited=235200 edgesTraversed=940800 sinkReads=61952                
lite                   , 256->512x32 - fanIn 8 - layered-dag - 8 sources - burst 16 - , 1127.27  , 1741.33  , 1932.57  , 0.244    , large_graph    , layered DAG              , nodesRecomputed=1529088 nodesVisited=1529088 edgesTraversed=12232704 sinkReads=49664            
lite                   , 256->512x32 - fanIn 8 - diamond-mesh - 8 sources - warm 256  , 59.81    , 61.52    , 61.58    , 0.015    , large_graph    , diamond mesh             , nodesRecomputed=24576 nodesVisited=24576 edgesTraversed=196608 sinkReads=49664                  
lite                   , 32x8 - 4 sources - pull (pure pull)                          , 43.44    , 78.72    , 82.02    , 0.296    , pull           , stable rectangular DAG   , nodesRecomputed=224 nodesVisited=224 edgesTraversed=896 sinkReads=32                            
lite                   , 8x64 - 1 sources - pull (linear chain - 1 source - pull (lin , 40.39    , 71.85    , 78.08    , 0.292    , pull           , stable rectangular DAG   , nodesRecomputed=504 nodesVisited=504 edgesTraversed=504 sinkReads=8                             
lite                   , 64x4 - 8 sources - pull (wide tree - 8 sources - pull (branc , 41.54    , 71.41    , 78.82    , 0.296    , pull           , stable rectangular DAG   , nodesRecomputed=192 nodesVisited=192 edgesTraversed=1536 sinkReads=64                           
lite                   , 32x8 - 4 sources - push (pure push)                          , 207.23   , 211.48   , 211.65   , 0.014    , pull           , stable rectangular DAG   , nodesRecomputed=910133 nodesVisited=910133 edgesTraversed=3640532 sinkReads=220010              
lite                   , 10x5 - 2 sources - read 20% (simple component)               , 356.91   , 359.17   , 359.25   , 0.006    , pull           , stable rectangular DAG   , nodesRecomputed=3180010 nodesVisited=3180010 edgesTraversed=6360020 sinkReads=1200002           
lite                   , 10x10 - 6 sources - dynamic - read 20% (dynamic component)   , 242.15   , 243.95   , 244.21   , 0.004    , dynamic        , dynamic rectangular DAG  , nodesRecomputed=1140004 nodesVisited=1140004 edgesTraversed=6839936 sinkReads=30002             
lite                   , 1000x12 - 4 sources - dynamic (large web app)                , 2890.63  , 3062.87  , 3088.71  , 0.026    , dynamic        , dynamic rectangular DAG  , nodesRecomputed=1473786 nodesVisited=1473786 edgesTraversed=5891713 sinkReads=7001000           
lite                   , 1000x5 - 25 sources (wide dense)                             , 2524.40  , 2549.84  , 2552.75  , 0.008    , pull           , stable rectangular DAG   , nodesRecomputed=735756 nodesVisited=735756 edgesTraversed=18393900 sinkReads=3001000            
lite                   , 5x500 - 3 sources (deep)                                     , 215.06   , 216.76   , 217.02   , 0.012    , pull           , stable rectangular DAG   , nodesRecomputed=1246502 nodesVisited=1246502 edgesTraversed=3739506 sinkReads=2505              
reflex                 , avoidablePropagation                                         , 464.34   , 480.27   , 487.79   , 0.022    , baseline       , selective propagation    ,                                                                                                 
reflex                 , broadPropagation                                             , 386.95   , 400.77   , 406.64   , 0.020    , baseline       , wide fan-out             ,                                                                                                 
reflex                 , deepPropagation                                              , 164.74   , 172.29   , 173.90   , 0.019    , pull           , linear chain             ,                                                                                                 
reflex                 , diamond                                                      , 387.73   , 412.89   , 427.57   , 0.033    , baseline       , diamond                  ,                                                                                                 
reflex                 , mux                                                          , 351.36   , 389.30   , 403.26   , 0.052    , dynamic        , dynamic branch           ,                                                                                                 
reflex                 , repeatedObservers                                            , 99.91    , 107.91   , 111.96   , 0.043    , baseline       , duplicate observer       ,                                                                                                 
reflex                 , triangle                                                     , 133.21   , 153.97   , 163.26   , 0.071    , baseline       , glitch-free triangle     ,                                                                                                 
reflex                 , unstable                                                     , 104.08   , 120.47   , 123.13   , 0.063    , dynamic        , dynamic dependency churn ,                                                                                                 
reflex                 , manyEffectsFromOneSource                                     , 252.71   , 276.24   , 290.15   , 0.048    , push           , wide fan-out             , checksum=180075672000                                                                           
reflex                 , manySourcesIntoOneComputedEffectWithDirect                   , 154.30   , 167.26   , 169.22   , 0.034    , pull           , wide fan-in              , checksum=1372929289844                                                                          
reflex                 , manySourcesIntoOneComputedEffect                             , 151.96   , 159.50   , 162.22   , 0.026    , pull           , wide fan-in              , checksum=1331323690944                                                                          
reflex                 , manySourcesIntoOneDirectEffect                               , 67.33    , 78.83    , 82.56    , 0.072    , pull           , wide fan-in              , checksum=41605598900                                                                            
reflex                 , molBench                                                     , 390.07   , 393.31   , 393.63   , 0.008    , dynamic        , mixed app graph          ,                                                                                                 
reflex                 , createDataSignals                                            , 6.19     , 9.13     , 9.30     , 0.265    , creation       , signal creation          ,                                                                                                 
reflex                 , createComputations0to1                                       , 6.73     , 6.82     , 6.83     , 0.041    , creation       , computed creation        ,                                                                                                 
reflex                 , createComputations1to1                                       , 0.67     , 0.70     , 0.70     , 0.084    , creation       , computed creation        ,                                                                                                 
reflex                 , createComputations2to1                                       , 0.48     , 2.11     , 2.65     , 1.044    , creation       , computed creation        ,                                                                                                 
reflex                 , createComputations4to1                                       , 0.45     , 3.13     , 3.63     , 1.103    , creation       , computed creation        ,                                                                                                 
reflex                 , createComputations1000to1                                    , 0.07     , 0.08     , 0.08     , 0.633    , creation       , computed creation        ,                                                                                                 
reflex                 , createComputations1to2                                       , 2.37     , 3.44     , 3.71     , 0.195    , creation       , computed creation        ,                                                                                                 
reflex                 , createComputations1to4                                       , 2.17     , 3.17     , 3.49     , 0.213    , creation       , computed creation        ,                                                                                                 
reflex                 , createComputations1to8                                       , 3.20     , 4.08     , 4.35     , 0.254    , creation       , computed creation        ,                                                                                                 
reflex                 , createComputations1to1000                                    , 0.07     , 3.54     , 3.68     , 1.111    , creation       , computed creation        ,                                                                                                 
reflex                 , updateComputations1to1                                       , 6.16     , 6.18     , 6.18     , 0.096    , update         , stable update            ,                                                                                                 
reflex                 , updateComputations2to1                                       , 3.95     , 4.18     , 4.20     , 0.115    , update         , stable update            ,                                                                                                 
reflex                 , updateComputations4to1                                       , 2.11     , 2.15     , 2.16     , 0.177    , update         , stable update            ,                                                                                                 
reflex                 , updateComputations1000to1                                    , 0.05     , 0.21     , 0.26     , 1.045    , update         , stable update            ,                                                                                                 
reflex                 , updateComputations1to2                                       , 3.91     , 4.15     , 4.23     , 0.179    , update         , stable update            ,                                                                                                 
reflex                 , updateComputations1to4                                       , 2.13     , 2.34     , 2.41     , 0.136    , update         , stable update            ,                                                                                                 
reflex                 , updateComputations1to1000                                    , 0.02     , 0.18     , 0.19     , 0.959    , update         , stable update            ,                                                                                                 
reflex                 , 64x6 - 4 sources - dynamic - read 12% (dashboard selective r , 347.15   , 353.01   , 353.55   , 0.009    , dynamic        , dynamic rectangular DAG  , nodesRecomputed=2642029 nodesVisited=2642029 edgesTraversed=10568081 sinkReads=960008           
reflex                 , 24x8 - 3 sources - dynamic - read 40% (editor derived state) , 506.00   , 508.81   , 509.21   , 0.005    , dynamic        , dynamic rectangular DAG  , nodesRecomputed=4736332 nodesVisited=4736332 edgesTraversed=14208887 sinkReads=900010           
reflex                 , 120x7 - 5 sources - dynamic - read 18% (kanban board)        , 293.60   , 297.45   , 298.31   , 0.008    , dynamic        , dynamic rectangular DAG  , nodesRecomputed=1765496 nodesVisited=1765496 edgesTraversed=8827231 sinkReads=660022            
reflex                 , 40x10 - 4 sources - dynamic - read 60% (entity detail page)  , 511.81   , 514.77   , 514.86   , 0.004    , dynamic        , dynamic rectangular DAG  , nodesRecomputed=3984210 nodesVisited=3984210 edgesTraversed=15936789 sinkReads=720024           
reflex                 , 256->512x32 - fanIn 4 - layered-dag - 4 sources (layered ful , 69.13    , 75.27    , 76.36    , 0.046    , large_graph    , layered DAG              , nodesRecomputed=249624 nodesVisited=249624 edgesTraversed=998496 sinkReads=61952                
reflex                 , 256->512x32 - fanIn 4 - layered-dag - 4 sources - warm 320 ( , 60.06    , 67.93    , 68.00    , 0.077    , large_graph    , layered DAG              , nodesRecomputed=235200 nodesVisited=235200 edgesTraversed=940800 sinkReads=61952                
reflex                 , 256->512x32 - fanIn 8 - layered-dag - 8 sources - burst 16 - , 789.88   , 1178.19  , 1299.85  , 0.226    , large_graph    , layered DAG              , nodesRecomputed=1529088 nodesVisited=1529088 edgesTraversed=12232704 sinkReads=49664            
reflex                 , 256->512x32 - fanIn 8 - diamond-mesh - 8 sources - warm 256  , 6.29     , 6.45     , 6.49     , 0.040    , large_graph    , diamond mesh             , nodesRecomputed=24576 nodesVisited=24576 edgesTraversed=196608 sinkReads=49664                  
reflex                 , 32x8 - 4 sources - pull (pure pull)                          , 43.58    , 72.24    , 80.74    , 0.285    , pull           , stable rectangular DAG   , nodesRecomputed=224 nodesVisited=224 edgesTraversed=896 sinkReads=32                            
reflex                 , 8x64 - 1 sources - pull (linear chain - 1 source - pull (lin , 39.39    , 68.34    , 77.09    , 0.305    , pull           , stable rectangular DAG   , nodesRecomputed=504 nodesVisited=504 edgesTraversed=504 sinkReads=8                             
reflex                 , 64x4 - 8 sources - pull (wide tree - 8 sources - pull (branc , 40.39    , 43.72    , 44.43    , 0.056    , pull           , stable rectangular DAG   , nodesRecomputed=192 nodesVisited=192 edgesTraversed=1536 sinkReads=64                           
reflex                 , 32x8 - 4 sources - push (pure push)                          , 154.44   , 157.74   , 158.12   , 0.011    , pull           , stable rectangular DAG   , nodesRecomputed=910133 nodesVisited=910133 edgesTraversed=3640532 sinkReads=220010              
reflex                 , 10x5 - 2 sources - read 20% (simple component)               , 274.75   , 278.61   , 278.73   , 0.009    , pull           , stable rectangular DAG   , nodesRecomputed=3180010 nodesVisited=3180010 edgesTraversed=6360020 sinkReads=1200002           
reflex                 , 10x10 - 6 sources - dynamic - read 20% (dynamic component)   , 225.50   , 227.80   , 228.30   , 0.006    , dynamic        , dynamic rectangular DAG  , nodesRecomputed=1140004 nodesVisited=1140004 edgesTraversed=6839936 sinkReads=30002             
reflex                 , 1000x12 - 4 sources - dynamic (large web app)                , 347.28   , 349.59   , 349.97   , 0.010    , dynamic        , dynamic rectangular DAG  , nodesRecomputed=1473786 nodesVisited=1473786 edgesTraversed=5891713 sinkReads=7001000           
reflex                 , 1000x5 - 25 sources (wide dense)                             , 539.80   , 622.97   , 625.33   , 0.073    , pull           , stable rectangular DAG   , nodesRecomputed=735756 nodesVisited=735756 edgesTraversed=18393900 sinkReads=3001000            
reflex                 , 5x500 - 3 sources (deep)                                     , 205.00   , 209.31   , 209.58   , 0.019    , pull           , stable rectangular DAG   , nodesRecomputed=1246502 nodesVisited=1246502 edgesTraversed=3739506 sinkReads=2505              
alien-signals          , avoidablePropagation                                         , 413.83   , 438.45   , 446.36   , 0.028    , baseline       , selective propagation    ,                                                                                                 
alien-signals          , broadPropagation                                             , 338.88   , 370.65   , 386.25   , 0.053    , baseline       , wide fan-out             ,                                                                                                 
alien-signals          , deepPropagation                                              , 139.02   , 155.47   , 165.89   , 0.064    , pull           , linear chain             ,                                                                                                 
alien-signals          , diamond                                                      , 379.74   , 383.80   , 385.43   , 0.007    , baseline       , diamond                  ,                                                                                                 
alien-signals          , mux                                                          , 312.85   , 346.70   , 362.62   , 0.053    , dynamic        , dynamic branch           ,                                                                                                 
alien-signals          , repeatedObservers                                            , 103.14   , 109.20   , 111.13   , 0.027    , baseline       , duplicate observer       ,                                                                                                 
alien-signals          , triangle                                                     , 128.82   , 151.69   , 164.09   , 0.089    , baseline       , glitch-free triangle     ,                                                                                                 
alien-signals          , unstable                                                     , 111.45   , 127.09   , 132.42   , 0.065    , dynamic        , dynamic dependency churn ,                                                                                                 
alien-signals          , manyEffectsFromOneSource                                     , 252.58   , 281.32   , 293.15   , 0.068    , push           , wide fan-out             , checksum=180075672000                                                                           
alien-signals          , manySourcesIntoOneComputedEffectWithDirect                   , 176.15   , 189.03   , 194.38   , 0.034    , pull           , wide fan-in              , checksum=1372929289844                                                                          
alien-signals          , manySourcesIntoOneComputedEffect                             , 169.69   , 184.76   , 191.10   , 0.041    , pull           , wide fan-in              , checksum=1331323690944                                                                          
alien-signals          , manySourcesIntoOneDirectEffect                               , 66.24    , 77.92    , 82.36    , 0.078    , pull           , wide fan-in              , checksum=41605598900                                                                            
alien-signals          , molBench                                                     , 388.37   , 396.13   , 396.14   , 0.013    , dynamic        , mixed app graph          ,                                                                                                 
alien-signals          , createDataSignals                                            , 2.71     , 5.50     , 5.68     , 0.355    , creation       , signal creation          ,                                                                                                 
alien-signals          , createComputations0to1                                       , 0.12     , 2.88     , 3.17     , 1.413    , creation       , computed creation        ,                                                                                                 
alien-signals          , createComputations1to1                                       , 0.43     , 0.60     , 0.63     , 0.180    , creation       , computed creation        ,                                                                                                 
alien-signals          , createComputations2to1                                       , 0.35     , 1.57     , 1.96     , 1.009    , creation       , computed creation        ,                                                                                                 
alien-signals          , createComputations4to1                                       , 0.28     , 2.04     , 2.62     , 1.370    , creation       , computed creation        ,                                                                                                 
alien-signals          , createComputations1000to1                                    , 0.04     , 0.09     , 0.09     , 0.601    , creation       , computed creation        ,                                                                                                 
alien-signals          , createComputations1to2                                       , 1.65     , 2.45     , 2.72     , 0.222    , creation       , computed creation        ,                                                                                                 
alien-signals          , createComputations1to4                                       , 1.93     , 3.96     , 4.28     , 0.346    , creation       , computed creation        ,                                                                                                 
alien-signals          , createComputations1to8                                       , 2.92     , 3.10     , 3.16     , 0.180    , creation       , computed creation        ,                                                                                                 
alien-signals          , createComputations1to1000                                    , 0.05     , 3.35     , 3.36     , 1.504    , creation       , computed creation        ,                                                                                                 
alien-signals          , updateComputations1to1                                       , 5.06     , 5.09     , 5.10     , 0.054    , update         , stable update            ,                                                                                                 
alien-signals          , updateComputations2to1                                       , 3.13     , 3.31     , 3.37     , 0.153    , update         , stable update            ,                                                                                                 
alien-signals          , updateComputations4to1                                       , 1.66     , 2.36     , 2.49     , 0.304    , update         , stable update            ,                                                                                                 
alien-signals          , updateComputations1000to1                                    , 0.06     , 0.09     , 0.10     , 0.500    , update         , stable update            ,                                                                                                 
alien-signals          , updateComputations1to2                                       , 3.10     , 3.21     , 3.24     , 0.123    , update         , stable update            ,                                                                                                 
alien-signals          , updateComputations1to4                                       , 1.65     , 3.34     , 3.76     , 0.369    , update         , stable update            ,                                                                                                 
alien-signals          , updateComputations1to1000                                    , 0.02     , 0.19     , 0.21     , 0.987    , update         , stable update            ,                                                                                                 
alien-signals          , 64x6 - 4 sources - dynamic - read 12% (dashboard selective r , 308.29   , 317.44   , 320.35   , 0.017    , dynamic        , dynamic rectangular DAG  , nodesRecomputed=2642029 nodesVisited=2642029 edgesTraversed=10568081 sinkReads=960008           
alien-signals          , 24x8 - 3 sources - dynamic - read 40% (editor derived state) , 446.92   , 473.88   , 474.23   , 0.030    , dynamic        , dynamic rectangular DAG  , nodesRecomputed=4736332 nodesVisited=4736332 edgesTraversed=14208887 sinkReads=900010           
alien-signals          , 120x7 - 5 sources - dynamic - read 18% (kanban board)        , 268.88   , 276.68   , 278.69   , 0.015    , dynamic        , dynamic rectangular DAG  , nodesRecomputed=1765496 nodesVisited=1765496 edgesTraversed=8827231 sinkReads=660022            
alien-signals          , 40x10 - 4 sources - dynamic - read 60% (entity detail page)  , 476.96   , 492.16   , 496.64   , 0.017    , dynamic        , dynamic rectangular DAG  , nodesRecomputed=3984210 nodesVisited=3984210 edgesTraversed=15936789 sinkReads=720024           
alien-signals          , 256->512x32 - fanIn 4 - layered-dag - 4 sources (layered ful , 61.24    , 66.43    , 67.80    , 0.058    , large_graph    , layered DAG              , nodesRecomputed=249624 nodesVisited=249624 edgesTraversed=998496 sinkReads=61952                
alien-signals          , 256->512x32 - fanIn 4 - layered-dag - 4 sources - warm 320 ( , 50.09    , 55.18    , 56.77    , 0.058    , large_graph    , layered DAG              , nodesRecomputed=235200 nodesVisited=235200 edgesTraversed=940800 sinkReads=61952                
alien-signals          , 256->512x32 - fanIn 8 - layered-dag - 8 sources - burst 16 - , 634.71   , 685.90   , 696.84   , 0.043    , large_graph    , layered DAG              , nodesRecomputed=1529088 nodesVisited=1529088 edgesTraversed=12232704 sinkReads=49664            
alien-signals          , 256->512x32 - fanIn 8 - diamond-mesh - 8 sources - warm 256  , 5.31     , 5.89     , 5.97     , 0.053    , large_graph    , diamond mesh             , nodesRecomputed=24576 nodesVisited=24576 edgesTraversed=196608 sinkReads=49664                  
alien-signals          , 32x8 - 4 sources - pull (pure pull)                          , 38.16    , 85.28    , 86.53    , 0.403    , pull           , stable rectangular DAG   , nodesRecomputed=224 nodesVisited=224 edgesTraversed=896 sinkReads=32                            
alien-signals          , 8x64 - 1 sources - pull (linear chain - 1 source - pull (lin , 40.99    , 69.78    , 77.64    , 0.290    , pull           , stable rectangular DAG   , nodesRecomputed=504 nodesVisited=504 edgesTraversed=504 sinkReads=8                             
alien-signals          , 64x4 - 8 sources - pull (wide tree - 8 sources - pull (branc , 39.54    , 42.05    , 42.47    , 0.037    , pull           , stable rectangular DAG   , nodesRecomputed=192 nodesVisited=192 edgesTraversed=1536 sinkReads=64                           
alien-signals          , 32x8 - 4 sources - push (pure push)                          , 138.87   , 141.85   , 142.03   , 0.015    , pull           , stable rectangular DAG   , nodesRecomputed=910133 nodesVisited=910133 edgesTraversed=3640532 sinkReads=220010              
alien-signals          , 10x5 - 2 sources - read 20% (simple component)               , 229.89   , 234.28   , 234.41   , 0.016    , pull           , stable rectangular DAG   , nodesRecomputed=3180010 nodesVisited=3180010 edgesTraversed=6360020 sinkReads=1200002           
alien-signals          , 10x10 - 6 sources - dynamic - read 20% (dynamic component)   , 219.74   , 243.83   , 244.48   , 0.049    , dynamic        , dynamic rectangular DAG  , nodesRecomputed=1140004 nodesVisited=1140004 edgesTraversed=6839936 sinkReads=30002             
alien-signals          , 1000x12 - 4 sources - dynamic (large web app)                , 331.15   , 343.32   , 345.95   , 0.022    , dynamic        , dynamic rectangular DAG  , nodesRecomputed=1473786 nodesVisited=1473786 edgesTraversed=5891713 sinkReads=7001000           
alien-signals          , 1000x5 - 25 sources (wide dense)                             , 527.36   , 540.72   , 542.77   , 0.021    , pull           , stable rectangular DAG   , nodesRecomputed=735756 nodesVisited=735756 edgesTraversed=18393900 sinkReads=3001000            
alien-signals          , 5x500 - 3 sources (deep)                                     , 181.18   , 196.51   , 201.27   , 0.050    , pull           , stable rectangular DAG   , nodesRecomputed=1246502 nodesVisited=1246502 edgesTraversed=3739506 sinkReads=2505              
@solidjs/signals       , avoidablePropagation                                         , 1074.06  , 1116.29  , 1121.00  , 0.018    , baseline       , selective propagation    ,                                                                                                 
@solidjs/signals       , broadPropagation                                             , 1968.19  , 1994.60  , 1995.40  , 0.010    , baseline       , wide fan-out             ,                                                                                                 
@solidjs/signals       , deepPropagation                                              , 658.63   , 690.55   , 709.39   , 0.026    , pull           , linear chain             ,                                                                                                 
@solidjs/signals       , diamond                                                      , 1367.59  , 1405.24  , 1424.41  , 0.014    , baseline       , diamond                  ,                                                                                                 
@solidjs/signals       , mux                                                          , 623.39   , 670.52   , 693.29   , 0.037    , dynamic        , dynamic branch           ,                                                                                                 
@solidjs/signals       , repeatedObservers                                            , 288.96   , 314.63   , 329.51   , 0.048    , baseline       , duplicate observer       ,                                                                                                 
@solidjs/signals       , triangle                                                     , 456.99   , 489.62   , 510.16   , 0.039    , baseline       , glitch-free triangle     ,                                                                                                 
@solidjs/signals       , unstable                                                     , 356.24   , 389.44   , 407.80   , 0.046    , dynamic        , dynamic dependency churn ,                                                                                                 
@solidjs/signals       , manyEffectsFromOneSource                                     , 1609.72  , 1617.90  , 1619.43  , 0.013    , push           , wide fan-out             , checksum=180075672000                                                                           
@solidjs/signals       , manySourcesIntoOneComputedEffectWithDirect                   , 411.99   , 440.37   , 455.98   , 0.034    , pull           , wide fan-in              , checksum=1372929289844                                                                          
@solidjs/signals       , manySourcesIntoOneComputedEffect                             , 400.99   , 434.98   , 449.88   , 0.039    , pull           , wide fan-in              , checksum=1331323690944                                                                          
@solidjs/signals       , manySourcesIntoOneDirectEffect                               , 110.51   , 132.85   , 143.72   , 0.094    , pull           , wide fan-in              , checksum=41605598900                                                                            
@solidjs/signals       , molBench                                                     , 539.23   , 566.37   , 577.94   , 0.023    , dynamic        , mixed app graph          ,                                                                                                 
@solidjs/signals       , createDataSignals                                            , 8.83     , 10.54    , 10.74    , 0.094    , creation       , signal creation          ,                                                                                                 
@solidjs/signals       , createComputations0to1                                       , 12.78    , 22.98    , 26.20    , 0.376    , creation       , computed creation        ,                                                                                                 
@solidjs/signals       , createComputations1to1                                       , 19.30    , 25.12    , 27.11    , 0.149    , creation       , computed creation        ,                                                                                                 
@solidjs/signals       , createComputations2to1                                       , 17.10    , 21.58    , 22.94    , 0.123    , creation       , computed creation        ,                                                                                                 
@solidjs/signals       , createComputations4to1                                       , 14.52    , 23.23    , 26.11    , 0.271    , creation       , computed creation        ,                                                                                                 
@solidjs/signals       , createComputations1000to1                                    , 8.67     , 18.42    , 20.23    , 0.411    , creation       , computed creation        ,                                                                                                 
@solidjs/signals       , createComputations1to2                                       , 16.30    , 23.15    , 25.40    , 0.191    , creation       , computed creation        ,                                                                                                 
@solidjs/signals       , createComputations1to4                                       , 15.64    , 25.46    , 27.79    , 0.250    , creation       , computed creation        ,                                                                                                 
@solidjs/signals       , createComputations1to8                                       , 23.82    , 33.89    , 36.92    , 0.262    , creation       , computed creation        ,                                                                                                 
@solidjs/signals       , createComputations1to1000                                    , 15.24    , 31.03    , 35.87    , 0.407    , creation       , computed creation        ,                                                                                                 
@solidjs/signals       , updateComputations1to1                                       , 8.60     , 11.62    , 12.10    , 0.139    , update         , stable update            ,                                                                                                 
@solidjs/signals       , updateComputations2to1                                       , 5.22     , 7.29     , 7.69     , 0.201    , update         , stable update            ,                                                                                                 
@solidjs/signals       , updateComputations4to1                                       , 3.93     , 5.36     , 5.82     , 0.221    , update         , stable update            ,                                                                                                 
@solidjs/signals       , updateComputations1000to1                                    , 0.23     , 0.88     , 1.01     , 0.754    , update         , stable update            ,                                                                                                 
@solidjs/signals       , updateComputations1to2                                       , 5.94     , 7.22     , 7.35     , 0.089    , update         , stable update            ,                                                                                                 
@solidjs/signals       , updateComputations1to4                                       , 4.91     , 6.79     , 7.05     , 0.161    , update         , stable update            ,                                                                                                 
@solidjs/signals       , updateComputations1to1000                                    , 3.55     , 4.82     , 5.18     , 0.164    , update         , stable update            ,                                                                                                 
@solidjs/signals       , 64x6 - 4 sources - dynamic - read 12% (dashboard selective r , 1801.32  , 1824.13  , 1830.58  , 0.010    , dynamic        , dynamic rectangular DAG  , nodesRecomputed=6000270 nodesVisited=6000270 edgesTraversed=24001017 sinkReads=960008 fallbackCo
@solidjs/signals       , 24x8 - 3 sources - dynamic - read 40% (editor derived state) , 1487.30  , 1536.96  , 1537.23  , 0.022    , dynamic        , dynamic rectangular DAG  , nodesRecomputed=5670087 nodesVisited=5670087 edgesTraversed=17010146 sinkReads=900010 fallbackCo
@solidjs/signals       , 120x7 - 5 sources - dynamic - read 18% (kanban board)        , 994.35   , 1010.30  , 1011.88  , 0.012    , dynamic        , dynamic rectangular DAG  , nodesRecomputed=2700620 nodesVisited=2700620 edgesTraversed=13502767 sinkReads=660022 fallbackCo
@solidjs/signals       , 40x10 - 4 sources - dynamic - read 60% (entity detail page)  , 1430.22  , 1506.45  , 1519.89  , 0.035    , dynamic        , dynamic rectangular DAG  , nodesRecomputed=4320213 nodesVisited=4320213 edgesTraversed=17280788 sinkReads=720024 fallbackCo
@solidjs/signals       , 256->512x32 - fanIn 4 - layered-dag - 4 sources (layered ful , 121.33   , 147.02   , 154.23   , 0.109    , large_graph    , layered DAG              , nodesRecomputed=233240 nodesVisited=233240 edgesTraversed=932960 sinkReads=61952 fallbackCount=0
@solidjs/signals       , 256->512x32 - fanIn 4 - layered-dag - 4 sources - warm 320 ( , 134.23   , 148.57   , 152.25   , 0.073    , large_graph    , layered DAG              , nodesRecomputed=235200 nodesVisited=235200 edgesTraversed=940800 sinkReads=61952 fallbackCount=0
@solidjs/signals       , 256->512x32 - fanIn 8 - layered-dag - 8 sources - burst 16 - , 1462.18  , 1654.19  , 1660.58  , 0.067    , large_graph    , layered DAG              , nodesRecomputed=1529088 nodesVisited=1529088 edgesTraversed=12232704 sinkReads=49664 fallbackCou
@solidjs/signals       , 256->512x32 - fanIn 8 - diamond-mesh - 8 sources - warm 256  , 13.91    , 18.24    , 19.61    , 0.142    , large_graph    , diamond mesh             , nodesRecomputed=24576 nodesVisited=24576 edgesTraversed=196608 sinkReads=49664 fallbackCount=0 h
@solidjs/signals       , 32x8 - 4 sources - pull (pure pull)                          , 40.67    , 71.64    , 81.01    , 0.320    , pull           , stable rectangular DAG   , nodesRecomputed=448 nodesVisited=448 edgesTraversed=1792 sinkReads=32 fallbackCount=0 heightAdju
@solidjs/signals       , 8x64 - 1 sources - pull (linear chain - 1 source - pull (lin , 41.06    , 42.92    , 43.34    , 0.036    , pull           , stable rectangular DAG   , nodesRecomputed=1008 nodesVisited=1008 edgesTraversed=1008 sinkReads=8 fallbackCount=0 heightAdj
@solidjs/signals       , 64x4 - 8 sources - pull (wide tree - 8 sources - pull (branc , 83.41    , 86.92    , 87.06    , 0.313    , pull           , stable rectangular DAG   , nodesRecomputed=384 nodesVisited=384 edgesTraversed=3072 sinkReads=64 fallbackCount=0 heightAdju
@solidjs/signals       , 32x8 - 4 sources - push (pure push)                          , 503.72   , 511.59   , 513.64   , 0.022    , pull           , stable rectangular DAG   , nodesRecomputed=910133 nodesVisited=910133 edgesTraversed=3640532 sinkReads=220010 fallbackCount
@solidjs/signals       , 10x5 - 2 sources - read 20% (simple component)               , 1834.74  , 1878.48  , 1881.99  , 0.016    , pull           , stable rectangular DAG   , nodesRecomputed=8400026 nodesVisited=8400026 edgesTraversed=16800052 sinkReads=1200002 fallbackC
@solidjs/signals       , 10x10 - 6 sources - dynamic - read 20% (dynamic component)   , 571.58   , 594.00   , 599.00   , 0.028    , dynamic        , dynamic rectangular DAG  , nodesRecomputed=1290004 nodesVisited=1290004 edgesTraversed=7739922 sinkReads=30002 fallbackCoun
@solidjs/signals       , 1000x12 - 4 sources - dynamic (large web app)                , 798.90   , 810.69   , 811.89   , 0.019    , dynamic        , dynamic rectangular DAG  , nodesRecomputed=1473786 nodesVisited=1473786 edgesTraversed=5891713 sinkReads=7001000 fallbackCo
@solidjs/signals       , 1000x5 - 25 sources (wide dense)                             , 1136.58  , 1294.06  , 1342.80  , 0.066    , pull           , stable rectangular DAG   , nodesRecomputed=735756 nodesVisited=735756 edgesTraversed=18393900 sinkReads=3001000 fallbackCou
@solidjs/signals       , 5x500 - 3 sources (deep)                                     , 398.53   , 413.93   , 415.76   , 0.030    , pull           , stable rectangular DAG   , nodesRecomputed=1246502 nodesVisited=1246502 edgesTraversed=3739506 sinkReads=2505 fallbackCount
Preact Signals         , avoidablePropagation                                         , 460.75   , 490.13   , 506.16   , 0.034    , baseline       , selective propagation    ,                                                                                                 
Preact Signals         , broadPropagation                                             , 385.83   , 400.22   , 407.05   , 0.018    , baseline       , wide fan-out             ,                                                                                                 
Preact Signals         , deepPropagation                                              , 177.22   , 188.12   , 194.48   , 0.035    , pull           , linear chain             ,                                                                                                 
Preact Signals         , diamond                                                      , 394.48   , 419.44   , 433.10   , 0.032    , baseline       , diamond                  ,                                                                                                 
Preact Signals         , mux                                                          , 355.91   , 397.23   , 417.71   , 0.057    , dynamic        , dynamic branch           ,                                                                                                 
Preact Signals         , repeatedObservers                                            , 104.14   , 115.68   , 122.32   , 0.058    , baseline       , duplicate observer       ,                                                                                                 
Preact Signals         , triangle                                                     , 149.00   , 171.28   , 182.45   , 0.071    , baseline       , glitch-free triangle     ,                                                                                                 
Preact Signals         , unstable                                                     , 102.73   , 118.37   , 128.01   , 0.082    , dynamic        , dynamic dependency churn ,                                                                                                 
Preact Signals         , manyEffectsFromOneSource                                     , 233.96   , 260.15   , 269.20   , 0.048    , push           , wide fan-out             , checksum=180075672000                                                                           
Preact Signals         , manySourcesIntoOneComputedEffectWithDirect                   , 229.84   , 236.62   , 238.61   , 0.016    , pull           , wide fan-in              , checksum=1372929289844                                                                          
Preact Signals         , manySourcesIntoOneComputedEffect                             , 219.34   , 247.21   , 264.57   , 0.067    , pull           , wide fan-in              , checksum=1331323690944                                                                          
Preact Signals         , manySourcesIntoOneDirectEffect                               , 72.70    , 96.01    , 104.50   , 0.132    , pull           , wide fan-in              , checksum=41605598900                                                                            
Preact Signals         , molBench                                                     , 389.89   , 405.83   , 409.61   , 0.018    , dynamic        , mixed app graph          ,                                                                                                 
Preact Signals         , createDataSignals                                            , 8.70     , 11.21    , 11.49    , 0.146    , creation       , signal creation          ,                                                                                                 
Preact Signals         , createComputations0to1                                       , 5.68     , 7.65     , 7.70     , 0.383    , creation       , computed creation        ,                                                                                                 
Preact Signals         , createComputations1to1                                       , 8.68     , 15.99    , 17.12    , 0.526    , creation       , computed creation        ,                                                                                                 
Preact Signals         , createComputations2to1                                       , 6.91     , 11.64    , 12.62    , 0.617    , creation       , computed creation        ,                                                                                                 
Preact Signals         , createComputations4to1                                       , 3.01     , 7.55     , 8.20     , 0.519    , creation       , computed creation        ,                                                                                                 
Preact Signals         , createComputations1000to1                                    , 0.12     , 0.17     , 0.17     , 0.502    , creation       , computed creation        ,                                                                                                 
Preact Signals         , createComputations1to2                                       , 7.88     , 11.35    , 11.51    , 0.537    , creation       , computed creation        ,                                                                                                 
Preact Signals         , createComputations1to4                                       , 7.91     , 9.89     , 10.46    , 0.375    , creation       , computed creation        ,                                                                                                 
Preact Signals         , createComputations1to8                                       , 6.31     , 8.13     , 8.29     , 0.525    , creation       , computed creation        ,                                                                                                 
Preact Signals         , createComputations1to1000                                    , 6.06     , 7.67     , 7.98     , 0.356    , creation       , computed creation        ,                                                                                                 
Preact Signals         , updateComputations1to1                                       , 6.28     , 7.18     , 7.29     , 0.203    , update         , stable update            ,                                                                                                 
Preact Signals         , updateComputations2to1                                       , 3.87     , 4.70     , 4.97     , 0.231    , update         , stable update            ,                                                                                                 
Preact Signals         , updateComputations4to1                                       , 1.98     , 3.82     , 4.23     , 0.354    , update         , stable update            ,                                                                                                 
Preact Signals         , updateComputations1000to1                                    , 0.11     , 0.27     , 0.31     , 0.515    , update         , stable update            ,                                                                                                 
Preact Signals         , updateComputations1to2                                       , 3.88     , 4.79     , 4.96     , 0.113    , update         , stable update            ,                                                                                                 
Preact Signals         , updateComputations1to4                                       , 1.97     , 3.84     , 3.96     , 0.310    , update         , stable update            ,                                                                                                 
Preact Signals         , updateComputations1to1000                                    , 0.03     , 0.29     , 0.31     , 1.176    , update         , stable update            ,                                                                                                 
Preact Signals         , 64x6 - 4 sources - dynamic - read 12% (dashboard selective r , 816.62   , 844.32   , 848.55   , 0.020    , dynamic        , dynamic rectangular DAG  , nodesRecomputed=2642029 nodesVisited=2642029 edgesTraversed=10568081 sinkReads=960008           
Preact Signals         , 24x8 - 3 sources - dynamic - read 40% (editor derived state) , 729.94   , 737.41   , 737.78   , 0.011    , dynamic        , dynamic rectangular DAG  , nodesRecomputed=4736332 nodesVisited=4736332 edgesTraversed=14208887 sinkReads=900010           
Preact Signals         , 120x7 - 5 sources - dynamic - read 18% (kanban board)        , 936.76   , 952.70   , 953.91   , 0.021    , dynamic        , dynamic rectangular DAG  , nodesRecomputed=1765496 nodesVisited=1765496 edgesTraversed=8827231 sinkReads=660022            
Preact Signals         , 40x10 - 4 sources - dynamic - read 60% (entity detail page)  , 723.49   , 729.98   , 730.94   , 0.012    , dynamic        , dynamic rectangular DAG  , nodesRecomputed=3984210 nodesVisited=3984210 edgesTraversed=15936789 sinkReads=720024           
Preact Signals         , 256->512x32 - fanIn 4 - layered-dag - 4 sources (layered ful , 146.07   , 162.18   , 163.08   , 0.064    , large_graph    , layered DAG              , nodesRecomputed=249624 nodesVisited=249624 edgesTraversed=998496 sinkReads=61952                
Preact Signals         , 256->512x32 - fanIn 4 - layered-dag - 4 sources - warm 320 ( , 145.01   , 150.87   , 151.12   , 0.044    , large_graph    , layered DAG              , nodesRecomputed=235200 nodesVisited=235200 edgesTraversed=940800 sinkReads=61952                
Preact Signals         , 256->512x32 - fanIn 8 - layered-dag - 8 sources - burst 16 - , 617.13   , 669.94   , 682.35   , 0.065    , large_graph    , layered DAG              , nodesRecomputed=1529088 nodesVisited=1529088 edgesTraversed=12232704 sinkReads=49664            
Preact Signals         , 256->512x32 - fanIn 8 - diamond-mesh - 8 sources - warm 256  , 64.80    , 70.11    , 70.32    , 0.057    , large_graph    , diamond mesh             , nodesRecomputed=24576 nodesVisited=24576 edgesTraversed=196608 sinkReads=49664                  
Preact Signals         , 32x8 - 4 sources - pull (pure pull)                          , 39.08    , 70.03    , 80.60    , 0.343    , pull           , stable rectangular DAG   , nodesRecomputed=224 nodesVisited=224 edgesTraversed=896 sinkReads=32                            
Preact Signals         , 8x64 - 1 sources - pull (linear chain - 1 source - pull (lin , 39.22    , 67.44    , 77.05    , 0.319    , pull           , stable rectangular DAG   , nodesRecomputed=504 nodesVisited=504 edgesTraversed=504 sinkReads=8                             
Preact Signals         , 64x4 - 8 sources - pull (wide tree - 8 sources - pull (branc , 39.93    , 68.50    , 77.30    , 0.304    , pull           , stable rectangular DAG   , nodesRecomputed=192 nodesVisited=192 edgesTraversed=1536 sinkReads=64                           
Preact Signals         , 32x8 - 4 sources - push (pure push)                          , 206.13   , 213.86   , 215.15   , 0.035    , pull           , stable rectangular DAG   , nodesRecomputed=910133 nodesVisited=910133 edgesTraversed=3640532 sinkReads=220010              
Preact Signals         , 10x5 - 2 sources - read 20% (simple component)               , 378.30   , 387.08   , 387.18   , 0.016    , pull           , stable rectangular DAG   , nodesRecomputed=3180010 nodesVisited=3180010 edgesTraversed=6360020 sinkReads=1200002           
Preact Signals         , 10x10 - 6 sources - dynamic - read 20% (dynamic component)   , 236.95   , 244.06   , 245.40   , 0.016    , dynamic        , dynamic rectangular DAG  , nodesRecomputed=1140004 nodesVisited=1140004 edgesTraversed=6839936 sinkReads=30002             
Preact Signals         , 1000x12 - 4 sources - dynamic (large web app)                , 2805.56  , 3013.49  , 3059.76  , 0.069    , dynamic        , dynamic rectangular DAG  , nodesRecomputed=1473786 nodesVisited=1473786 edgesTraversed=5891713 sinkReads=7001000           
Preact Signals         , 1000x5 - 25 sources (wide dense)                             , 2651.06  , 2710.91  , 2720.58  , 0.100    , pull           , stable rectangular DAG   , nodesRecomputed=735756 nodesVisited=735756 edgesTraversed=18393900 sinkReads=3001000            
Preact Signals         , 5x500 - 3 sources (deep)                                     , 187.06   , 193.18   , 194.76   , 0.017    , pull           , stable rectangular DAG   , nodesRecomputed=1246502 nodesVisited=1246502 edgesTraversed=3739506 sinkReads=2505              
@reactively            , avoidablePropagation                                         , 539.37   , 556.06   , 563.47   , 0.016    , baseline       , selective propagation    ,                                                                                                 
@reactively            , broadPropagation                                             , 423.12   , 445.67   , 455.16   , 0.025    , baseline       , wide fan-out             ,                                                                                                 
@reactively            , deepPropagation                                              , 202.96   , 209.85   , 213.53   , 0.018    , pull           , linear chain             ,                                                                                                 
@reactively            , diamond                                                      , 412.45   , 443.11   , 451.18   , 0.032    , baseline       , diamond                  ,                                                                                                 
@reactively            , mux                                                          , 355.36   , 406.69   , 432.36   , 0.071    , dynamic        , dynamic branch           ,                                                                                                 
@reactively            , repeatedObservers                                            , 119.82   , 129.11   , 130.17   , 0.033    , baseline       , duplicate observer       ,                                                                                                 
@reactively            , triangle                                                     , 155.83   , 175.90   , 185.01   , 0.058    , baseline       , glitch-free triangle     ,                                                                                                 
@reactively            , unstable                                                     , 195.45   , 215.18   , 227.02   , 0.054    , dynamic        , dynamic dependency churn ,                                                                                                 
@reactively            , manyEffectsFromOneSource                                     , 282.59   , 303.69   , 309.49   , 0.032    , push           , wide fan-out             , checksum=180075672000                                                                           
@reactively            , manySourcesIntoOneComputedEffectWithDirect                   , 152.26   , 171.62   , 181.09   , 0.062    , pull           , wide fan-in              , checksum=1372929290292                                                                          
@reactively            , manySourcesIntoOneComputedEffect                             , 147.70   , 164.20   , 169.28   , 0.047    , pull           , wide fan-in              , checksum=1331323690944                                                                          
@reactively            , manySourcesIntoOneDirectEffect                               , 67.94    , 82.98    , 87.18    , 0.092    , pull           , wide fan-in              , checksum=41605599348                                                                            
@reactively            , molBench                                                     , 390.81   , 400.19   , 403.70   , 0.011    , dynamic        , mixed app graph          ,                                                                                                 
@reactively            , createDataSignals                                            , 9.19     , 9.90     , 9.94     , 0.205    , creation       , signal creation          ,                                                                                                 
@reactively            , createComputations0to1                                       , 4.60     , 6.71     , 7.09     , 0.437    , creation       , computed creation        ,                                                                                                 
@reactively            , createComputations1to1                                       , 6.63     , 12.82    , 14.09    , 0.487    , creation       , computed creation        ,                                                                                                 
@reactively            , createComputations2to1                                       , 5.43     , 9.74     , 10.12    , 0.622    , creation       , computed creation        ,                                                                                                 
@reactively            , createComputations4to1                                       , 2.97     , 5.25     , 5.34     , 0.374    , creation       , computed creation        ,                                                                                                 
@reactively            , createComputations1000to1                                    , 0.04     , 0.09     , 0.10     , 0.672    , creation       , computed creation        ,                                                                                                 
@reactively            , createComputations1to2                                       , 7.12     , 10.03    , 10.09    , 0.331    , creation       , computed creation        ,                                                                                                 
@reactively            , createComputations1to4                                       , 4.60     , 5.25     , 5.26     , 0.209    , creation       , computed creation        ,                                                                                                 
@reactively            , createComputations1to8                                       , 3.56     , 5.18     , 5.56     , 0.308    , creation       , computed creation        ,                                                                                                 
@reactively            , createComputations1to1000                                    , 2.97     , 4.90     , 4.91     , 0.264    , creation       , computed creation        ,                                                                                                 
@reactively            , updateComputations1to1                                       , 3.04     , 5.01     , 5.36     , 0.239    , update         , stable update            ,                                                                                                 
@reactively            , updateComputations2to1                                       , 1.53     , 2.73     , 3.13     , 0.337    , update         , stable update            ,                                                                                                 
@reactively            , updateComputations4to1                                       , 1.61     , 2.35     , 2.49     , 0.394    , update         , stable update            ,                                                                                                 
@reactively            , updateComputations1000to1                                    , 0.03     , 0.15     , 0.18     , 0.932    , update         , stable update            ,                                                                                                 
@reactively            , updateComputations1to2                                       , 1.54     , 2.91     , 3.11     , 0.313    , update         , stable update            ,                                                                                                 
@reactively            , updateComputations1to4                                       , 1.61     , 1.87     , 1.89     , 0.374    , update         , stable update            ,                                                                                                 
@reactively            , updateComputations1to1000                                    , 0.01     , 0.25     , 0.25     , 1.072    , update         , stable update            ,                                                                                                 
@reactively            , 64x6 - 4 sources - dynamic - read 12% (dashboard selective r , 413.36   , 417.89   , 418.75   , 0.006    , dynamic        , dynamic rectangular DAG  , nodesRecomputed=2642029 nodesVisited=2642029 edgesTraversed=10568081 sinkReads=960008           
@reactively            , 24x8 - 3 sources - dynamic - read 40% (editor derived state) , 620.11   , 627.21   , 627.74   , 0.008    , dynamic        , dynamic rectangular DAG  , nodesRecomputed=4736332 nodesVisited=4736332 edgesTraversed=14208887 sinkReads=900010           
@reactively            , 120x7 - 5 sources - dynamic - read 18% (kanban board)        , 351.99   , 356.37   , 356.62   , 0.007    , dynamic        , dynamic rectangular DAG  , nodesRecomputed=1765496 nodesVisited=1765496 edgesTraversed=8827231 sinkReads=660022            
@reactively            , 40x10 - 4 sources - dynamic - read 60% (entity detail page)  , 653.12   , 667.98   , 670.56   , 0.011    , dynamic        , dynamic rectangular DAG  , nodesRecomputed=3984210 nodesVisited=3984210 edgesTraversed=15936789 sinkReads=720024           
@reactively            , 256->512x32 - fanIn 4 - layered-dag - 4 sources (layered ful , 101.58   , 162.36   , 174.73   , 0.243    , large_graph    , layered DAG              , nodesRecomputed=249624 nodesVisited=249624 edgesTraversed=998496 sinkReads=61952                
@reactively            , 256->512x32 - fanIn 4 - layered-dag - 4 sources - warm 320 ( , 82.53    , 163.43   , 164.72   , 0.362    , large_graph    , layered DAG              , nodesRecomputed=235200 nodesVisited=235200 edgesTraversed=940800 sinkReads=61952                
@reactively            , 256->512x32 - fanIn 8 - layered-dag - 8 sources - burst 16 - , 1050.66  , 1116.92  , 1121.48  , 0.167    , large_graph    , layered DAG              , nodesRecomputed=1529088 nodesVisited=1529088 edgesTraversed=12232704 sinkReads=49664            
@reactively            , 256->512x32 - fanIn 8 - diamond-mesh - 8 sources - warm 256  , 7.53     , 7.78     , 7.83     , 0.018    , large_graph    , diamond mesh             , nodesRecomputed=24576 nodesVisited=24576 edgesTraversed=196608 sinkReads=49664                  
@reactively            , 32x8 - 4 sources - pull (pure pull)                          , 39.59    , 41.71    , 41.97    , 0.036    , pull           , stable rectangular DAG   , nodesRecomputed=224 nodesVisited=224 edgesTraversed=896 sinkReads=32                            
@reactively            , 8x64 - 1 sources - pull (linear chain - 1 source - pull (lin , 38.88    , 40.62    , 41.18    , 0.023    , pull           , stable rectangular DAG   , nodesRecomputed=504 nodesVisited=504 edgesTraversed=504 sinkReads=8                             
@reactively            , 64x4 - 8 sources - pull (wide tree - 8 sources - pull (branc , 39.25    , 40.93    , 41.24    , 0.038    , pull           , stable rectangular DAG   , nodesRecomputed=192 nodesVisited=192 edgesTraversed=1536 sinkReads=64                           
@reactively            , 32x8 - 4 sources - push (pure push)                          , 185.38   , 190.41   , 190.99   , 0.015    , pull           , stable rectangular DAG   , nodesRecomputed=910133 nodesVisited=910133 edgesTraversed=3640532 sinkReads=220042              
@reactively            , 10x5 - 2 sources - read 20% (simple component)               , 288.99   , 293.44   , 293.77   , 0.007    , pull           , stable rectangular DAG   , nodesRecomputed=3180010 nodesVisited=3180010 edgesTraversed=6360020 sinkReads=1200002           
@reactively            , 10x10 - 6 sources - dynamic - read 20% (dynamic component)   , 269.24   , 269.79   , 269.85   , 0.007    , dynamic        , dynamic rectangular DAG  , nodesRecomputed=1140004 nodesVisited=1140004 edgesTraversed=6839936 sinkReads=30002             
@reactively            , 1000x12 - 4 sources - dynamic (large web app)                , 475.47   , 523.17   , 526.61   , 0.080    , dynamic        , dynamic rectangular DAG  , nodesRecomputed=1473786 nodesVisited=1473786 edgesTraversed=5891713 sinkReads=7001000           
@reactively            , 1000x5 - 25 sources (wide dense)                             , 582.65   , 606.35   , 609.87   , 0.027    , pull           , stable rectangular DAG   , nodesRecomputed=735756 nodesVisited=735756 edgesTraversed=18393900 sinkReads=3001000            
@reactively            , 5x500 - 3 sources (deep)                                     , 255.31   , 267.68   , 269.88   , 0.026    , pull           , stable rectangular DAG   , nodesRecomputed=1246502 nodesVisited=1246502 edgesTraversed=3739506 sinkReads=2505              
s-js                   , avoidablePropagation                                         , 683.15   , 695.50   , 699.27   , 0.009    , baseline       , selective propagation    ,                                                                                                 
s-js                   , broadPropagation                                             , 413.50   , 424.95   , 431.44   , 0.015    , baseline       , wide fan-out             ,                                                                                                 
s-js                   , deepPropagation                                              , 160.78   , 169.64   , 174.22   , 0.028    , pull           , linear chain             ,                                                                                                 
s-js                   , diamond                                                      , 427.94   , 455.72   , 469.81   , 0.031    , baseline       , diamond                  ,                                                                                                 
s-js                   , mux                                                          , 527.05   , 553.82   , 566.88   , 0.042    , dynamic        , dynamic branch           ,                                                                                                 
s-js                   , repeatedObservers                                            , 155.84   , 163.35   , 167.78   , 0.028    , baseline       , duplicate observer       ,                                                                                                 
s-js                   , triangle                                                     , 157.45   , 178.66   , 188.25   , 0.062    , baseline       , glitch-free triangle     ,                                                                                                 
s-js                   , unstable                                                     , 185.07   , 194.85   , 198.03   , 0.025    , dynamic        , dynamic dependency churn ,                                                                                                 
s-js                   , manyEffectsFromOneSource                                     , 299.98   , 322.43   , 334.56   , 0.037    , push           , wide fan-out             , checksum=180075672000                                                                           
s-js                   , manySourcesIntoOneComputedEffectWithDirect                   , 219.07   , 242.63   , 242.90   , 0.059    , pull           , wide fan-in              , checksum=1372929289844                                                                          
s-js                   , manySourcesIntoOneComputedEffect                             , 204.39   , 220.68   , 223.94   , 0.039    , pull           , wide fan-in              , checksum=1331323690944                                                                          
s-js                   , manySourcesIntoOneDirectEffect                               , 77.59    , 89.36    , 92.85    , 0.064    , pull           , wide fan-in              , checksum=41605598900                                                                            
s-js                   , molBench                                                     , 941.53   , 966.64   , 970.57   , 0.011    , dynamic        , mixed app graph          ,                                                                                                 
s-js                   , createDataSignals                                            , 11.10    , 12.34    , 12.35    , 0.076    , creation       , signal creation          ,                                                                                                 
s-js                   , createComputations0to1                                       , 4.01     , 6.71     , 7.62     , 0.354    , creation       , computed creation        ,                                                                                                 
s-js                   , createComputations1to1                                       , 18.54    , 26.53    , 26.54    , 0.240    , creation       , computed creation        ,                                                                                                 
s-js                   , createComputations2to1                                       , 21.77    , 29.62    , 31.40    , 0.221    , creation       , computed creation        ,                                                                                                 
s-js                   , createComputations4to1                                       , 20.61    , 24.56    , 25.29    , 0.227    , creation       , computed creation        ,                                                                                                 
s-js                   , createComputations1000to1                                    , 15.13    , 17.12    , 17.26    , 0.231    , creation       , computed creation        ,                                                                                                 
s-js                   , createComputations1to2                                       , 19.57    , 26.28    , 28.36    , 0.278    , creation       , computed creation        ,                                                                                                 
s-js                   , createComputations1to4                                       , 17.75    , 22.64    , 24.14    , 0.228    , creation       , computed creation        ,                                                                                                 
s-js                   , createComputations1to8                                       , 14.83    , 16.63    , 16.84    , 0.230    , creation       , computed creation        ,                                                                                                 
s-js                   , createComputations1to1000                                    , 17.09    , 18.38    , 18.49    , 0.299    , creation       , computed creation        ,                                                                                                 
s-js                   , updateComputations1to1                                       , 31.06    , 34.15    , 34.17    , 0.045    , update         , stable update            ,                                                                                                 
s-js                   , updateComputations2to1                                       , 22.74    , 25.29    , 25.47    , 0.078    , update         , stable update            ,                                                                                                 
s-js                   , updateComputations4to1                                       , 20.87    , 23.53    , 23.79    , 0.137    , update         , stable update            ,                                                                                                 
s-js                   , updateComputations1000to1                                    , 31.23    , 32.01    , 32.02    , 0.033    , update         , stable update            ,                                                                                                 
s-js                   , updateComputations1to2                                       , 35.19    , 36.02    , 36.19    , 0.030    , update         , stable update            ,                                                                                                 
s-js                   , updateComputations1to4                                       , 36.30    , 37.46    , 37.51    , 0.131    , update         , stable update            ,                                                                                                 
s-js                   , updateComputations1to1000                                    , 29.57    , 30.31    , 30.35    , 0.037    , update         , stable update            ,                                                                                                 
s-js                   , 64x6 - 4 sources - dynamic - read 12% (dashboard selective r , 1219.68  , 1231.37  , 1231.53  , 0.008    , dynamic        , dynamic rectangular DAG  , nodesRecomputed=6000270 nodesVisited=6000270 edgesTraversed=24001017 sinkReads=960008           
s-js                   , 24x8 - 3 sources - dynamic - read 40% (editor derived state) , 993.44   , 1019.05  , 1026.09  , 0.020    , dynamic        , dynamic rectangular DAG  , nodesRecomputed=5670087 nodesVisited=5670087 edgesTraversed=17010146 sinkReads=900010           
s-js                   , 120x7 - 5 sources - dynamic - read 18% (kanban board)        , 745.65   , 753.32   , 753.62   , 0.009    , dynamic        , dynamic rectangular DAG  , nodesRecomputed=2700620 nodesVisited=2700620 edgesTraversed=13502767 sinkReads=660022           
s-js                   , 40x10 - 4 sources - dynamic - read 60% (entity detail page)  , 1020.92  , 1026.79  , 1027.07  , 0.016    , dynamic        , dynamic rectangular DAG  , nodesRecomputed=4320213 nodesVisited=4320213 edgesTraversed=17280788 sinkReads=720024           
s-js                   , 256->512x32 - fanIn 4 - layered-dag - 4 sources (layered ful , 194.39   , 221.25   , 224.95   , 0.147    , large_graph    , layered DAG              , nodesRecomputed=233240 nodesVisited=233240 edgesTraversed=932960 sinkReads=61952                
s-js                   , 256->512x32 - fanIn 4 - layered-dag - 4 sources - warm 320 ( , 214.81   , 248.53   , 255.37   , 0.084    , large_graph    , layered DAG              , nodesRecomputed=235200 nodesVisited=235200 edgesTraversed=940800 sinkReads=61952                
s-js                   , 256->512x32 - fanIn 8 - layered-dag - 8 sources - burst 16 - , 1781.75  , 2183.18  , 2314.91  , 0.113    , large_graph    , layered DAG              , nodesRecomputed=1529088 nodesVisited=1529088 edgesTraversed=12232704 sinkReads=49664            
s-js                   , 256->512x32 - fanIn 8 - diamond-mesh - 8 sources - warm 256  , 13.33    , 14.13    , 14.20    , 0.039    , large_graph    , diamond mesh             , nodesRecomputed=24576 nodesVisited=24576 edgesTraversed=196608 sinkReads=49664                  
s-js                   , 32x8 - 4 sources - pull (pure pull)                          , 232.88   , 236.67   , 237.08   , 0.012    , pull           , stable rectangular DAG   , nodesRecomputed=910133 nodesVisited=910133 edgesTraversed=3640532 sinkReads=32                  
s-js                   , 8x64 - 1 sources - pull (linear chain - 1 source - pull (lin , 96.44    , 98.58    , 99.00    , 0.027    , pull           , stable rectangular DAG   , nodesRecomputed=630441 nodesVisited=630441 edgesTraversed=630441 sinkReads=8                    
s-js                   , 64x4 - 8 sources - pull (wide tree - 8 sources - pull (branc , 206.67   , 209.52   , 209.87   , 0.007    , pull           , stable rectangular DAG   , nodesRecomputed=450147 nodesVisited=450147 edgesTraversed=3601176 sinkReads=64                  
s-js                   , 32x8 - 4 sources - push (pure push)                          , 252.21   , 254.99   , 255.39   , 0.008    , pull           , stable rectangular DAG   , nodesRecomputed=910133 nodesVisited=910133 edgesTraversed=3640532 sinkReads=220010              
s-js                   , 10x5 - 2 sources - read 20% (simple component)               , 917.76   , 928.40   , 931.14   , 0.013    , pull           , stable rectangular DAG   , nodesRecomputed=8400026 nodesVisited=8400026 edgesTraversed=16800052 sinkReads=1200002          
s-js                   , 10x10 - 6 sources - dynamic - read 20% (dynamic component)   , 413.36   , 418.72   , 419.84   , 0.009    , dynamic        , dynamic rectangular DAG  , nodesRecomputed=1290004 nodesVisited=1290004 edgesTraversed=7739922 sinkReads=30002             
s-js                   , 1000x12 - 4 sources - dynamic (large web app)                , 585.39   , 646.01   , 665.06   , 0.050    , dynamic        , dynamic rectangular DAG  , nodesRecomputed=1473786 nodesVisited=1473786 edgesTraversed=5891713 sinkReads=7001000           
s-js                   , 1000x5 - 25 sources (wide dense)                             , 1018.72  , 1167.11  , 1169.98  , 0.074    , pull           , stable rectangular DAG   , nodesRecomputed=735756 nodesVisited=735756 edgesTraversed=18393900 sinkReads=3001000            
s-js                   , 5x500 - 3 sources (deep)                                     , 315.09   , 322.29   , 323.43   , 0.014    , pull           , stable rectangular DAG   , nodesRecomputed=1246502 nodesVisited=1246502 edgesTraversed=3739506 sinkReads=2505              
@amadeus-it-group/tans , avoidablePropagation                                         , 770.50   , 797.76   , 807.95   , 0.018    , baseline       , selective propagation    ,                                                                                                 
@amadeus-it-group/tans , broadPropagation                                             , 793.43   , 846.29   , 869.02   , 0.032    , baseline       , wide fan-out             ,                                                                                                 
@amadeus-it-group/tans , deepPropagation                                              , 340.65   , 359.87   , 370.56   , 0.035    , pull           , linear chain             ,                                                                                                 
@amadeus-it-group/tans , diamond                                                      , 626.80   , 657.94   , 662.67   , 0.021    , baseline       , diamond                  ,                                                                                                 
@amadeus-it-group/tans , mux                                                          , 589.61   , 643.43   , 673.79   , 0.047    , dynamic        , dynamic branch           ,                                                                                                 
@amadeus-it-group/tans , repeatedObservers                                            , 164.46   , 184.14   , 194.94   , 0.061    , baseline       , duplicate observer       ,                                                                                                 
@amadeus-it-group/tans , triangle                                                     , 217.14   , 239.95   , 252.92   , 0.055    , baseline       , glitch-free triangle     ,                                                                                                 
@amadeus-it-group/tans , unstable                                                     , 244.59   , 276.09   , 290.85   , 0.061    , dynamic        , dynamic dependency churn ,                                                                                                 
@amadeus-it-group/tans , manyEffectsFromOneSource                                     , 621.00   , 664.42   , 665.50   , 0.031    , push           , wide fan-out             , checksum=180075672000                                                                           
@amadeus-it-group/tans , manySourcesIntoOneComputedEffectWithDirect                   , 223.47   , 250.17   , 263.31   , 0.056    , pull           , wide fan-in              , checksum=1372929289844                                                                          
@amadeus-it-group/tans , manySourcesIntoOneComputedEffect                             , 218.49   , 241.41   , 253.31   , 0.051    , pull           , wide fan-in              , checksum=1331323690944                                                                          
@amadeus-it-group/tans , manySourcesIntoOneDirectEffect                               , 77.77    , 102.37   , 113.60   , 0.138    , pull           , wide fan-in              , checksum=41605598900                                                                            
@amadeus-it-group/tans , molBench                                                     , 633.80   , 657.56   , 664.45   , 0.017    , dynamic        , mixed app graph          ,                                                                                                 
@amadeus-it-group/tans , createDataSignals                                            , 13.24    , 15.42    , 15.74    , 0.076    , creation       , signal creation          ,                                                                                                 
@amadeus-it-group/tans , createComputations0to1                                       , 6.79     , 16.66    , 18.71    , 0.562    , creation       , computed creation        ,                                                                                                 
@amadeus-it-group/tans , createComputations1to1                                       , 17.30    , 25.29    , 27.68    , 0.230    , creation       , computed creation        ,                                                                                                 
@amadeus-it-group/tans , createComputations2to1                                       , 14.08    , 26.80    , 30.34    , 0.439    , creation       , computed creation        ,                                                                                                 
@amadeus-it-group/tans , createComputations4to1                                       , 12.21    , 23.59    , 25.30    , 0.491    , creation       , computed creation        ,                                                                                                 
@amadeus-it-group/tans , createComputations1000to1                                    , 0.25     , 0.31     , 0.32     , 0.120    , creation       , computed creation        ,                                                                                                 
@amadeus-it-group/tans , createComputations1to2                                       , 14.44    , 30.74    , 36.24    , 0.475    , creation       , computed creation        ,                                                                                                 
@amadeus-it-group/tans , createComputations1to4                                       , 14.52    , 28.03    , 32.25    , 0.402    , creation       , computed creation        ,                                                                                                 
@amadeus-it-group/tans , createComputations1to8                                       , 14.98    , 22.82    , 25.00    , 0.306    , creation       , computed creation        ,                                                                                                 
@amadeus-it-group/tans , createComputations1to1000                                    , 6.94     , 19.66    , 21.34    , 0.621    , creation       , computed creation        ,                                                                                                 
@amadeus-it-group/tans , updateComputations1to1                                       , 7.30     , 8.50     , 8.52     , 0.075    , update         , stable update            ,                                                                                                 
@amadeus-it-group/tans , updateComputations2to1                                       , 4.70     , 5.69     , 5.75     , 0.106    , update         , stable update            ,                                                                                                 
@amadeus-it-group/tans , updateComputations4to1                                       , 2.63     , 4.05     , 4.12     , 0.211    , update         , stable update            ,                                                                                                 
@amadeus-it-group/tans , updateComputations1000to1                                    , 0.20     , 0.40     , 0.47     , 0.430    , update         , stable update            ,                                                                                                 
@amadeus-it-group/tans , updateComputations1to2                                       , 4.97     , 5.62     , 5.80     , 0.089    , update         , stable update            ,                                                                                                 
@amadeus-it-group/tans , updateComputations1to4                                       , 2.61     , 3.29     , 3.42     , 0.118    , update         , stable update            ,                                                                                                 
@amadeus-it-group/tans , updateComputations1to1000                                    , 1.62     , 1.83     , 1.83     , 0.101    , update         , stable update            ,                                                                                                 
@amadeus-it-group/tans , 64x6 - 4 sources - dynamic - read 12% (dashboard selective r , 638.63   , 659.91   , 660.91   , 0.019    , dynamic        , dynamic rectangular DAG  , nodesRecomputed=2642029 nodesVisited=2642029 edgesTraversed=10568081 sinkReads=960008           
@amadeus-it-group/tans , 24x8 - 3 sources - dynamic - read 40% (editor derived state) , 952.70   , 969.75   , 972.32   , 0.023    , dynamic        , dynamic rectangular DAG  , nodesRecomputed=4736332 nodesVisited=4736332 edgesTraversed=14208887 sinkReads=900010           
@amadeus-it-group/tans , 120x7 - 5 sources - dynamic - read 18% (kanban board)        , 511.68   , 525.14   , 527.89   , 0.018    , dynamic        , dynamic rectangular DAG  , nodesRecomputed=1765496 nodesVisited=1765496 edgesTraversed=8827231 sinkReads=660022            
@amadeus-it-group/tans , 40x10 - 4 sources - dynamic - read 60% (entity detail page)  , 943.63   , 973.95   , 976.66   , 0.020    , dynamic        , dynamic rectangular DAG  , nodesRecomputed=3984210 nodesVisited=3984210 edgesTraversed=15936789 sinkReads=720024           
@amadeus-it-group/tans , 256->512x32 - fanIn 4 - layered-dag - 4 sources (layered ful , 218.73   , 249.23   , 249.58   , 0.095    , large_graph    , layered DAG              , nodesRecomputed=249624 nodesVisited=249624 edgesTraversed=998496 sinkReads=61952                
@amadeus-it-group/tans , 256->512x32 - fanIn 4 - layered-dag - 4 sources - warm 320 ( , 179.38   , 197.73   , 202.17   , 0.163    , large_graph    , layered DAG              , nodesRecomputed=235200 nodesVisited=235200 edgesTraversed=940800 sinkReads=61952                
@amadeus-it-group/tans , 256->512x32 - fanIn 8 - layered-dag - 8 sources - burst 16 - , 1379.09  , 1452.37  , 1453.19  , 0.070    , large_graph    , layered DAG              , nodesRecomputed=1529088 nodesVisited=1529088 edgesTraversed=12232704 sinkReads=49664            
@amadeus-it-group/tans , 256->512x32 - fanIn 8 - diamond-mesh - 8 sources - warm 256  , 14.76    , 16.15    , 16.23    , 0.046    , large_graph    , diamond mesh             , nodesRecomputed=24576 nodesVisited=24576 edgesTraversed=196608 sinkReads=49664                  
@amadeus-it-group/tans , 32x8 - 4 sources - pull (pure pull)                          , 39.49    , 47.37    , 49.84    , 0.098    , pull           , stable rectangular DAG   , nodesRecomputed=224 nodesVisited=224 edgesTraversed=896 sinkReads=32                            
@amadeus-it-group/tans , 8x64 - 1 sources - pull (linear chain - 1 source - pull (lin , 43.26    , 71.29    , 80.13    , 0.294    , pull           , stable rectangular DAG   , nodesRecomputed=504 nodesVisited=504 edgesTraversed=504 sinkReads=8                             
@amadeus-it-group/tans , 64x4 - 8 sources - pull (wide tree - 8 sources - pull (branc , 40.31    , 43.98    , 45.09    , 0.052    , pull           , stable rectangular DAG   , nodesRecomputed=192 nodesVisited=192 edgesTraversed=1536 sinkReads=64                           
@amadeus-it-group/tans , 32x8 - 4 sources - push (pure push)                          , 284.07   , 289.61   , 291.08   , 0.033    , pull           , stable rectangular DAG   , nodesRecomputed=910133 nodesVisited=910133 edgesTraversed=3640532 sinkReads=220010              
@amadeus-it-group/tans , 10x5 - 2 sources - read 20% (simple component)               , 520.09   , 538.38   , 538.62   , 0.024    , pull           , stable rectangular DAG   , nodesRecomputed=3180010 nodesVisited=3180010 edgesTraversed=6360020 sinkReads=1200002           
@amadeus-it-group/tans , 10x10 - 6 sources - dynamic - read 20% (dynamic component)   , 357.99   , 363.49   , 364.62   , 0.009    , dynamic        , dynamic rectangular DAG  , nodesRecomputed=1140004 nodesVisited=1140004 edgesTraversed=6839936 sinkReads=30002             
@amadeus-it-group/tans , 1000x12 - 4 sources - dynamic (large web app)                , 762.87   , 770.82   , 771.22   , 0.012    , dynamic        , dynamic rectangular DAG  , nodesRecomputed=1473786 nodesVisited=1473786 edgesTraversed=5891713 sinkReads=7001000           
@amadeus-it-group/tans , 1000x5 - 25 sources (wide dense)                             , 802.39   , 848.48   , 849.34   , 0.037    , pull           , stable rectangular DAG   , nodesRecomputed=735756 nodesVisited=735756 edgesTraversed=18393900 sinkReads=3001000            
@amadeus-it-group/tans , 5x500 - 3 sources (deep)                                     , 347.78   , 370.26   , 372.43   , 0.037    , pull           , stable rectangular DAG   , nodesRecomputed=1246502 nodesVisited=1246502 edgesTraversed=3739506 sinkReads=2505              
$mol_wire              , avoidablePropagation                                         , 776.40   , 842.94   , 877.25   , 0.043    , baseline       , selective propagation    ,                                                                                                 
$mol_wire              , broadPropagation                                             , 1475.41  , 1629.97  , 1697.55  , 0.048    , baseline       , wide fan-out             ,                                                                                                 
$mol_wire              , deepPropagation                                              , 448.02   , 461.85   , 469.76   , 0.017    , pull           , linear chain             ,                                                                                                 
$mol_wire              , diamond                                                      , 910.97   , 970.34   , 1001.86  , 0.033    , baseline       , diamond                  ,                                                                                                 
$mol_wire              , mux                                                          , 859.23   , 979.23   , 1020.02  , 0.062    , dynamic        , dynamic branch           ,                                                                                                 
$mol_wire              , repeatedObservers                                            , 205.33   , 227.11   , 240.37   , 0.057    , baseline       , duplicate observer       ,                                                                                                 
$mol_wire              , triangle                                                     , 301.39   , 331.04   , 348.75   , 0.051    , baseline       , glitch-free triangle     ,                                                                                                 
$mol_wire              , unstable                                                     , 378.53   , 432.67   , 459.27   , 0.067    , dynamic        , dynamic dependency churn ,                                                                                                 
$mol_wire              , manyEffectsFromOneSource                                     , 965.20   , 1090.99  , 1166.65  , 0.068    , push           , wide fan-out             , checksum=180075672000                                                                           
$mol_wire              , manySourcesIntoOneComputedEffectWithDirect                   , 260.04   , 281.12   , 289.75   , 0.036    , pull           , wide fan-in              , checksum=1372929289844                                                                          
$mol_wire              , manySourcesIntoOneComputedEffect                             , 252.59   , 265.83   , 271.04   , 0.024    , pull           , wide fan-in              , checksum=1331323690944                                                                          
$mol_wire              , manySourcesIntoOneDirectEffect                               , 79.86    , 94.50    , 101.53   , 0.085    , pull           , wide fan-in              , checksum=41605598900                                                                            
$mol_wire              , molBench                                                     , 416.55   , 428.58   , 431.87   , 0.013    , dynamic        , mixed app graph          ,                                                                                                 
$mol_wire              , createDataSignals                                            , 12.76    , 15.75    , 16.15    , 0.173    , creation       , signal creation          ,                                                                                                 
$mol_wire              , createComputations0to1                                       , 6.57     , 8.88     , 9.22     , 0.134    , creation       , computed creation        ,                                                                                                 
$mol_wire              , createComputations1to1                                       , 11.23    , 12.00    , 12.07    , 0.168    , creation       , computed creation        ,                                                                                                 
$mol_wire              , createComputations2to1                                       , 7.18     , 11.51    , 12.46    , 0.322    , creation       , computed creation        ,                                                                                                 
$mol_wire              , createComputations4to1                                       , 5.47     , 7.50     , 7.59     , 0.246    , creation       , computed creation        ,                                                                                                 
$mol_wire              , createComputations1000to1                                    , 0.02     , 0.17     , 0.19     , 0.945    , creation       , computed creation        ,                                                                                                 
$mol_wire              , createComputations1to2                                       , 9.75     , 10.81    , 10.87    , 0.161    , creation       , computed creation        ,                                                                                                 
$mol_wire              , createComputations1to4                                       , 9.19     , 9.87     , 9.92     , 0.136    , creation       , computed creation        ,                                                                                                 
$mol_wire              , createComputations1to8                                       , 8.63     , 11.07    , 11.85    , 0.185    , creation       , computed creation        ,                                                                                                 
$mol_wire              , createComputations1to1000                                    , 6.59     , 8.70     , 8.71     , 0.134    , creation       , computed creation        ,                                                                                                 
$mol_wire              , updateComputations1to1                                       , 6.54     , 10.80    , 10.87    , 0.246    , update         , stable update            ,                                                                                                 
$mol_wire              , updateComputations2to1                                       , 4.34     , 5.86     , 5.90     , 0.151    , update         , stable update            ,                                                                                                 
$mol_wire              , updateComputations4to1                                       , 3.79     , 4.72     , 4.73     , 0.249    , update         , stable update            ,                                                                                                 
$mol_wire              , updateComputations1000to1                                    , 0.09     , 0.17     , 0.17     , 0.420    , update         , stable update            ,                                                                                                 
$mol_wire              , updateComputations1to2                                       , 4.23     , 6.42     , 6.55     , 0.198    , update         , stable update            ,                                                                                                 
$mol_wire              , updateComputations1to4                                       , 3.92     , 4.64     , 4.74     , 0.334    , update         , stable update            ,                                                                                                 
$mol_wire              , updateComputations1to1000                                    , 0.14     , 0.52     , 0.54     , 0.647    , update         , stable update            ,                                                                                                 
$mol_wire              , 64x6 - 4 sources - dynamic - read 12% (dashboard selective r , 858.64   , 866.23   , 866.25   , 0.008    , dynamic        , dynamic rectangular DAG  , nodesRecomputed=2642029 nodesVisited=2642029 edgesTraversed=10568081 sinkReads=960008           
$mol_wire              , 24x8 - 3 sources - dynamic - read 40% (editor derived state) , 1198.63  , 1217.92  , 1223.33  , 0.014    , dynamic        , dynamic rectangular DAG  , nodesRecomputed=4736332 nodesVisited=4736332 edgesTraversed=14208887 sinkReads=900010           
$mol_wire              , 120x7 - 5 sources - dynamic - read 18% (kanban board)        , 668.27   , 675.46   , 676.73   , 0.022    , dynamic        , dynamic rectangular DAG  , nodesRecomputed=1765496 nodesVisited=1765496 edgesTraversed=8827231 sinkReads=660022            
$mol_wire              , 40x10 - 4 sources - dynamic - read 60% (entity detail page)  , 1279.93  , 1297.45  , 1301.27  , 0.012    , dynamic        , dynamic rectangular DAG  , nodesRecomputed=3984210 nodesVisited=3984210 edgesTraversed=15936789 sinkReads=720024           
$mol_wire              , 256->512x32 - fanIn 4 - layered-dag - 4 sources (layered ful , 146.77   , 181.54   , 186.39   , 0.123    , large_graph    , layered DAG              , nodesRecomputed=249624 nodesVisited=249624 edgesTraversed=998496 sinkReads=61952                
$mol_wire              , 256->512x32 - fanIn 4 - layered-dag - 4 sources - warm 320 ( , 124.09   , 135.30   , 137.64   , 0.052    , large_graph    , layered DAG              , nodesRecomputed=235200 nodesVisited=235200 edgesTraversed=940800 sinkReads=61952                
$mol_wire              , 256->512x32 - fanIn 8 - layered-dag - 8 sources - burst 16 - , 1282.23  , 1324.23  , 1329.76  , 0.043    , large_graph    , layered DAG              , nodesRecomputed=1529088 nodesVisited=1529088 edgesTraversed=12232704 sinkReads=49664            
$mol_wire              , 256->512x32 - fanIn 8 - diamond-mesh - 8 sources - warm 256  , 16.07    , 17.77    , 18.27    , 0.050    , large_graph    , diamond mesh             , nodesRecomputed=24576 nodesVisited=24576 edgesTraversed=196608 sinkReads=49664                  
$mol_wire              , 32x8 - 4 sources - pull (pure pull)                          , 41.39    , 71.72    , 81.23    , 0.314    , pull           , stable rectangular DAG   , nodesRecomputed=224 nodesVisited=224 edgesTraversed=896 sinkReads=32                            
$mol_wire              , 8x64 - 1 sources - pull (linear chain - 1 source - pull (lin , 42.38    , 70.10    , 78.78    , 0.294    , pull           , stable rectangular DAG   , nodesRecomputed=504 nodesVisited=504 edgesTraversed=504 sinkReads=8                             
$mol_wire              , 64x4 - 8 sources - pull (wide tree - 8 sources - pull (branc , 41.33    , 71.23    , 81.03    , 0.320    , pull           , stable rectangular DAG   , nodesRecomputed=192 nodesVisited=192 edgesTraversed=1536 sinkReads=64                           
$mol_wire              , 32x8 - 4 sources - push (pure push)                          , 397.87   , 404.44   , 405.16   , 0.015    , pull           , stable rectangular DAG   , nodesRecomputed=910133 nodesVisited=910133 edgesTraversed=3640532 sinkReads=220010              
$mol_wire              , 10x5 - 2 sources - read 20% (simple component)               , 712.31   , 728.88   , 730.08   , 0.025    , pull           , stable rectangular DAG   , nodesRecomputed=3180010 nodesVisited=3180010 edgesTraversed=6360020 sinkReads=1200002           
$mol_wire              , 10x10 - 6 sources - dynamic - read 20% (dynamic component)   , 483.74   , 496.20   , 496.42   , 0.014    , dynamic        , dynamic rectangular DAG  , nodesRecomputed=1140004 nodesVisited=1140004 edgesTraversed=6839936 sinkReads=30002             
$mol_wire              , 1000x12 - 4 sources - dynamic (large web app)                , 781.83   , 792.83   , 793.18   , 0.017    , dynamic        , dynamic rectangular DAG  , nodesRecomputed=1473786 nodesVisited=1473786 edgesTraversed=5891713 sinkReads=7001000           
$mol_wire              , 1000x5 - 25 sources (wide dense)                             , 930.09   , 947.91   , 948.55   , 0.016    , pull           , stable rectangular DAG   , nodesRecomputed=735756 nodesVisited=735756 edgesTraversed=18393900 sinkReads=3001000            
$mol_wire              , 5x500 - 3 sources (deep)                                     , 421.95   , 426.35   , 426.51   , 0.018    , pull           , stable rectangular DAG   , nodesRecomputed=1246502 nodesVisited=1246502 edgesTraversed=3739506 sinkReads=2505              
Oby                    , avoidablePropagation                                         , 641.23   , 668.73   , 681.05   , 0.021    , baseline       , selective propagation    ,                                                                                                 
Oby                    , broadPropagation                                             , 759.74   , 786.69   , 796.50   , 0.016    , baseline       , wide fan-out             ,                                                                                                 
Oby                    , deepPropagation                                              , 333.07   , 350.22   , 359.18   , 0.027    , pull           , linear chain             ,                                                                                                 
Oby                    , diamond                                                      , 571.52   , 592.89   , 603.79   , 0.021    , baseline       , diamond                  ,                                                                                                 
Oby                    , mux                                                          , 561.73   , 598.20   , 605.25   , 0.050    , dynamic        , dynamic branch           ,                                                                                                 
Oby                    , repeatedObservers                                            , 155.80   , 171.06   , 179.11   , 0.050    , baseline       , duplicate observer       ,                                                                                                 
Oby                    , triangle                                                     , 226.70   , 251.76   , 261.76   , 0.050    , baseline       , glitch-free triangle     ,                                                                                                 
Oby                    , unstable                                                     , 168.90   , 189.89   , 201.97   , 0.066    , dynamic        , dynamic dependency churn ,                                                                                                 
Oby                    , manyEffectsFromOneSource                                     , 429.02   , 444.09   , 450.90   , 0.017    , push           , wide fan-out             , checksum=180075672000                                                                           
Oby                    , manySourcesIntoOneComputedEffectWithDirect                   , 251.77   , 281.09   , 286.86   , 0.050    , pull           , wide fan-in              , checksum=1372929290292                                                                          
Oby                    , manySourcesIntoOneComputedEffect                             , 247.44   , 272.86   , 279.01   , 0.044    , pull           , wide fan-in              , checksum=1331323690944                                                                          
Oby                    , manySourcesIntoOneDirectEffect                               , 73.90    , 88.40    , 92.35    , 0.080    , pull           , wide fan-in              , checksum=41605599348                                                                            
Oby                    , molBench                                                     , 508.65   , 517.45   , 520.12   , 0.008    , dynamic        , mixed app graph          ,                                                                                                 
Oby                    , createDataSignals                                            , 11.85    , 13.71    , 14.07    , 0.130    , creation       , signal creation          ,                                                                                                 
Oby                    , createComputations0to1                                       , 15.22    , 38.40    , 45.28    , 0.681    , creation       , computed creation        ,                                                                                                 
Oby                    , createComputations1to1                                       , 32.61    , 37.80    , 38.03    , 0.123    , creation       , computed creation        ,                                                                                                 
Oby                    , createComputations2to1                                       , 11.01    , 21.90    , 24.46    , 0.515    , creation       , computed creation        ,                                                                                                 
Oby                    , createComputations4to1                                       , 8.90     , 15.79    , 17.52    , 0.562    , creation       , computed creation        ,                                                                                                 
Oby                    , createComputations1000to1                                    , 0.16     , 0.26     , 0.27     , 0.456    , creation       , computed creation        ,                                                                                                 
Oby                    , createComputations1to2                                       , 35.60    , 49.13    , 52.59    , 0.211    , creation       , computed creation        ,                                                                                                 
Oby                    , createComputations1to4                                       , 34.40    , 48.87    , 49.83    , 0.194    , creation       , computed creation        ,                                                                                                 
Oby                    , createComputations1to8                                       , 38.90    , 49.93    , 51.57    , 0.201    , creation       , computed creation        ,                                                                                                 
Oby                    , createComputations1to1000                                    , 35.89    , 52.40    , 56.26    , 0.266    , creation       , computed creation        ,                                                                                                 
Oby                    , updateComputations1to1                                       , 9.13     , 9.82     , 9.98     , 0.077    , update         , stable update            ,                                                                                                 
Oby                    , updateComputations2to1                                       , 4.80     , 6.82     , 7.20     , 0.167    , update         , stable update            ,                                                                                                 
Oby                    , updateComputations4to1                                       , 3.54     , 5.21     , 5.57     , 0.237    , update         , stable update            ,                                                                                                 
Oby                    , updateComputations1000to1                                    , 0.14     , 0.54     , 0.64     , 0.880    , update         , stable update            ,                                                                                                 
Oby                    , updateComputations1to2                                       , 4.75     , 6.95     , 7.06     , 0.215    , update         , stable update            ,                                                                                                 
Oby                    , updateComputations1to4                                       , 3.51     , 4.19     , 4.31     , 0.132    , update         , stable update            ,                                                                                                 
Oby                    , updateComputations1to1000                                    , 0.31     , 0.84     , 0.92     , 0.574    , update         , stable update            ,                                                                                                 
Oby                    , 64x6 - 4 sources - dynamic - read 12% (dashboard selective r , 634.47   , 669.60   , 680.88   , 0.029    , dynamic        , dynamic rectangular DAG  , nodesRecomputed=2642029 nodesVisited=2642029 edgesTraversed=10568081 sinkReads=960008           
Oby                    , 24x8 - 3 sources - dynamic - read 40% (editor derived state) , 946.18   , 962.52   , 964.68   , 0.009    , dynamic        , dynamic rectangular DAG  , nodesRecomputed=4736332 nodesVisited=4736332 edgesTraversed=14208887 sinkReads=900010           
Oby                    , 120x7 - 5 sources - dynamic - read 18% (kanban board)        , 522.40   , 549.91   , 550.91   , 0.027    , dynamic        , dynamic rectangular DAG  , nodesRecomputed=1765496 nodesVisited=1765496 edgesTraversed=8827231 sinkReads=660022            
Oby                    , 40x10 - 4 sources - dynamic - read 60% (entity detail page)  , 950.56   , 985.29   , 986.30   , 0.021    , dynamic        , dynamic rectangular DAG  , nodesRecomputed=3984210 nodesVisited=3984210 edgesTraversed=15936789 sinkReads=720024           
Oby                    , 256->512x32 - fanIn 4 - layered-dag - 4 sources (layered ful , 113.68   , 127.83   , 129.68   , 0.054    , large_graph    , layered DAG              , nodesRecomputed=249624 nodesVisited=249624 edgesTraversed=998496 sinkReads=61952                
Oby                    , 256->512x32 - fanIn 4 - layered-dag - 4 sources - warm 320 ( , 110.61   , 137.92   , 142.13   , 0.112    , large_graph    , layered DAG              , nodesRecomputed=235200 nodesVisited=235200 edgesTraversed=940800 sinkReads=61952                
Oby                    , 256->512x32 - fanIn 8 - layered-dag - 8 sources - burst 16 - , 1170.05  , 1347.29  , 1391.49  , 0.072    , large_graph    , layered DAG              , nodesRecomputed=1529088 nodesVisited=1529088 edgesTraversed=12232704 sinkReads=49664            
Oby                    , 256->512x32 - fanIn 8 - diamond-mesh - 8 sources - warm 256  , 10.38    , 10.61    , 10.64    , 0.013    , large_graph    , diamond mesh             , nodesRecomputed=24576 nodesVisited=24576 edgesTraversed=196608 sinkReads=49664                  
Oby                    , 32x8 - 4 sources - pull (pure pull)                          , 39.71    , 39.98    , 39.99    , 0.008    , pull           , stable rectangular DAG   , nodesRecomputed=224 nodesVisited=224 edgesTraversed=896 sinkReads=32                            
Oby                    , 8x64 - 1 sources - pull (linear chain - 1 source - pull (lin , 41.08    , 71.98    , 81.99    , 0.323    , pull           , stable rectangular DAG   , nodesRecomputed=504 nodesVisited=504 edgesTraversed=504 sinkReads=8                             
Oby                    , 64x4 - 8 sources - pull (wide tree - 8 sources - pull (branc , 39.95    , 40.90    , 41.06    , 0.019    , pull           , stable rectangular DAG   , nodesRecomputed=192 nodesVisited=192 edgesTraversed=1536 sinkReads=64                           
Oby                    , 32x8 - 4 sources - push (pure push)                          , 291.50   , 296.55   , 297.35   , 0.012    , pull           , stable rectangular DAG   , nodesRecomputed=910133 nodesVisited=910133 edgesTraversed=3640532 sinkReads=220042              
Oby                    , 10x5 - 2 sources - read 20% (simple component)               , 505.39   , 519.21   , 522.25   , 0.029    , pull           , stable rectangular DAG   , nodesRecomputed=3180010 nodesVisited=3180010 edgesTraversed=6360020 sinkReads=1200002           
Oby                    , 10x10 - 6 sources - dynamic - read 20% (dynamic component)   , 382.50   , 390.75   , 392.24   , 0.011    , dynamic        , dynamic rectangular DAG  , nodesRecomputed=1140004 nodesVisited=1140004 edgesTraversed=6839936 sinkReads=30002             
Oby                    , 1000x12 - 4 sources - dynamic (large web app)                , 670.15   , 711.06   , 712.52   , 0.036    , dynamic        , dynamic rectangular DAG  , nodesRecomputed=1473786 nodesVisited=1473786 edgesTraversed=5891713 sinkReads=7001000           
Oby                    , 1000x5 - 25 sources (wide dense)                             , 862.66   , 895.86   , 896.32   , 0.031    , pull           , stable rectangular DAG   , nodesRecomputed=735756 nodesVisited=735756 edgesTraversed=18393900 sinkReads=3001000            
Oby                    , 5x500 - 3 sources (deep)                                     , 340.47   , 348.36   , 350.50   , 0.013    , pull           , stable rectangular DAG   , nodesRecomputed=1246502 nodesVisited=1246502 edgesTraversed=3739506 sinkReads=2505              
Signia                 , avoidablePropagation                                         , 745.09   , 768.54   , 771.48   , 0.020    , baseline       , selective propagation    ,                                                                                                 
Signia                 , broadPropagation                                             , 722.51   , 742.87   , 743.74   , 0.046    , baseline       , wide fan-out             ,                                                                                                 
Signia                 , deepPropagation                                              , 285.54   , 304.84   , 314.32   , 0.036    , pull           , linear chain             ,                                                                                                 
Signia                 , diamond                                                      , 601.27   , 626.22   , 629.60   , 0.019    , baseline       , diamond                  ,                                                                                                 
Signia                 , mux                                                          , 610.82   , 655.61   , 656.52   , 0.031    , dynamic        , dynamic branch           ,                                                                                                 
Signia                 , repeatedObservers                                            , 147.79   , 165.93   , 171.58   , 0.061    , baseline       , duplicate observer       ,                                                                                                 
Signia                 , triangle                                                     , 218.63   , 239.45   , 249.30   , 0.050    , baseline       , glitch-free triangle     ,                                                                                                 
Signia                 , unstable                                                     , 170.30   , 188.95   , 199.21   , 0.060    , dynamic        , dynamic dependency churn ,                                                                                                 
Signia                 , manyEffectsFromOneSource                                     , 501.69   , 517.85   , 524.45   , 0.016    , push           , wide fan-out             , checksum=180075672000                                                                           
Signia                 , manySourcesIntoOneComputedEffectWithDirect                   , 439.60   , 458.57   , 467.85   , 0.025    , pull           , wide fan-in              , checksum=1372929289844                                                                          
Signia                 , manySourcesIntoOneComputedEffect                             , 428.92   , 450.65   , 457.00   , 0.026    , pull           , wide fan-in              , checksum=1331323690944                                                                          
Signia                 , manySourcesIntoOneDirectEffect                               , 101.55   , 117.80   , 125.83   , 0.081    , pull           , wide fan-in              , checksum=41605598900                                                                            
Signia                 , molBench                                                     , 413.36   , 426.06   , 431.53   , 0.016    , dynamic        , mixed app graph          ,                                                                                                 
Signia                 , createDataSignals                                            , 10.17    , 13.21    , 13.46    , 0.227    , creation       , signal creation          ,                                                                                                 
Signia                 , createComputations0to1                                       , 7.51     , 10.98    , 11.48    , 0.235    , creation       , computed creation        ,                                                                                                 
Signia                 , createComputations1to1                                       , 13.90    , 22.58    , 24.70    , 0.332    , creation       , computed creation        ,                                                                                                 
Signia                 , createComputations2to1                                       , 10.44    , 16.41    , 17.72    , 0.531    , creation       , computed creation        ,                                                                                                 
Signia                 , createComputations4to1                                       , 9.95     , 11.18    , 11.44    , 0.469    , creation       , computed creation        ,                                                                                                 
Signia                 , createComputations1000to1                                    , 0.15     , 0.29     , 0.33     , 0.501    , creation       , computed creation        ,                                                                                                 
Signia                 , createComputations1to2                                       , 12.98    , 20.57    , 22.26    , 0.334    , creation       , computed creation        ,                                                                                                 
Signia                 , createComputations1to4                                       , 10.39    , 18.45    , 19.52    , 0.353    , creation       , computed creation        ,                                                                                                 
Signia                 , createComputations1to8                                       , 8.38     , 13.85    , 15.19    , 0.376    , creation       , computed creation        ,                                                                                                 
Signia                 , createComputations1to1000                                    , 7.75     , 11.95    , 12.24    , 0.345    , creation       , computed creation        ,                                                                                                 
Signia                 , updateComputations1to1                                       , 16.08    , 33.12    , 36.98    , 0.376    , update         , stable update            ,                                                                                                 
Signia                 , updateComputations2to1                                       , 7.83     , 25.37    , 30.50    , 0.710    , update         , stable update            ,                                                                                                 
Signia                 , updateComputations4to1                                       , 6.16     , 8.14     , 8.63     , 0.147    , update         , stable update            ,                                                                                                 
Signia                 , updateComputations1000to1                                    , 0.19     , 0.77     , 0.96     , 0.882    , update         , stable update            ,                                                                                                 
Signia                 , updateComputations1to2                                       , 11.70    , 26.51    , 31.37    , 0.552    , update         , stable update            ,                                                                                                 
Signia                 , updateComputations1to4                                       , 6.01     , 7.21     , 7.47     , 0.111    , update         , stable update            ,                                                                                                 
Signia                 , updateComputations1to1000                                    , 0.39     , 0.73     , 0.76     , 0.449    , update         , stable update            ,                                                                                                 
Signia                 , 64x6 - 4 sources - dynamic - read 12% (dashboard selective r , 1092.37  , 1106.30  , 1106.70  , 0.030    , dynamic        , dynamic rectangular DAG  , nodesRecomputed=2642029 nodesVisited=2642029 edgesTraversed=10568081 sinkReads=960008           
Signia                 , 24x8 - 3 sources - dynamic - read 40% (editor derived state) , 994.51   , 1021.46  , 1022.77  , 0.016    , dynamic        , dynamic rectangular DAG  , nodesRecomputed=4736332 nodesVisited=4736332 edgesTraversed=14208887 sinkReads=900010           
Signia                 , 120x7 - 5 sources - dynamic - read 18% (kanban board)        , 1124.82  , 1132.48  , 1133.00  , 0.018    , dynamic        , dynamic rectangular DAG  , nodesRecomputed=1765496 nodesVisited=1765496 edgesTraversed=8827231 sinkReads=660022            
Signia                 , 40x10 - 4 sources - dynamic - read 60% (entity detail page)  , 1091.22  , 1115.76  , 1115.85  , 0.022    , dynamic        , dynamic rectangular DAG  , nodesRecomputed=3984210 nodesVisited=3984210 edgesTraversed=15936789 sinkReads=720024           
Signia                 , 256->512x32 - fanIn 4 - layered-dag - 4 sources (layered ful , 217.20   , 258.55   , 266.73   , 0.083    , large_graph    , layered DAG              , nodesRecomputed=249624 nodesVisited=249624 edgesTraversed=998496 sinkReads=61952                
Signia                 , 256->512x32 - fanIn 4 - layered-dag - 4 sources - warm 320 ( , 259.28   , 302.12   , 303.76   , 0.091    , large_graph    , layered DAG              , nodesRecomputed=235200 nodesVisited=235200 edgesTraversed=940800 sinkReads=61952                
Signia                 , 256->512x32 - fanIn 8 - layered-dag - 8 sources - burst 16 - , 935.93   , 1401.32  , 1492.38  , 0.209    , large_graph    , layered DAG              , nodesRecomputed=1529088 nodesVisited=1529088 edgesTraversed=12232704 sinkReads=49664            
Signia                 , 256->512x32 - fanIn 8 - diamond-mesh - 8 sources - warm 256  , 81.00    , 89.82    , 92.39    , 0.072    , large_graph    , diamond mesh             , nodesRecomputed=24576 nodesVisited=24576 edgesTraversed=196608 sinkReads=49664                  
Signia                 , 32x8 - 4 sources - pull (pure pull)                          , 40.05    , 43.02    , 43.72    , 0.041    , pull           , stable rectangular DAG   , nodesRecomputed=224 nodesVisited=224 edgesTraversed=896 sinkReads=32                            
Signia                 , 8x64 - 1 sources - pull (linear chain - 1 source - pull (lin , 45.71    , 84.79    , 84.81    , 0.336    , pull           , stable rectangular DAG   , nodesRecomputed=504 nodesVisited=504 edgesTraversed=504 sinkReads=8                             
Signia                 , 64x4 - 8 sources - pull (wide tree - 8 sources - pull (branc , 40.42    , 47.80    , 48.93    , 0.077    , pull           , stable rectangular DAG   , nodesRecomputed=192 nodesVisited=192 edgesTraversed=1536 sinkReads=64                           
Signia                 , 32x8 - 4 sources - push (pure push)                          , 317.44   , 323.69   , 324.33   , 0.013    , pull           , stable rectangular DAG   , nodesRecomputed=910133 nodesVisited=910133 edgesTraversed=3640532 sinkReads=220010              
Signia                 , 10x5 - 2 sources - read 20% (simple component)               , 475.67   , 486.49   , 486.54   , 0.012    , pull           , stable rectangular DAG   , nodesRecomputed=3180010 nodesVisited=3180010 edgesTraversed=6360020 sinkReads=1200002           
Signia                 , 10x10 - 6 sources - dynamic - read 20% (dynamic component)   , 305.15   , 309.65   , 310.03   , 0.009    , dynamic        , dynamic rectangular DAG  , nodesRecomputed=1140004 nodesVisited=1140004 edgesTraversed=6839936 sinkReads=30002             
Signia                 , 1000x12 - 4 sources - dynamic (large web app)                , 4019.58  , 4444.37  , 4562.45  , 0.052    , dynamic        , dynamic rectangular DAG  , nodesRecomputed=1473786 nodesVisited=1473786 edgesTraversed=5891713 sinkReads=7001000           
Signia                 , 1000x5 - 25 sources (wide dense)                             , 3031.90  , 3045.40  , 3047.31  , 0.054    , pull           , stable rectangular DAG   , nodesRecomputed=735756 nodesVisited=735756 edgesTraversed=18393900 sinkReads=3001000            
Signia                 , 5x500 - 3 sources (deep)                                     , 250.82   , 255.46   , 255.63   , 0.013    , pull           , stable rectangular DAG   , nodesRecomputed=1246502 nodesVisited=1246502 edgesTraversed=3739506 sinkReads=2505              
@solidjs/signals       , avoidablePropagation                                         , 1059.60  , 1093.38  , 1113.72  , 0.017    , baseline       , selective propagation    ,                                                                                                 
@solidjs/signals       , broadPropagation                                             , 1971.43  , 1999.06  , 2001.83  , 0.009    , baseline       , wide fan-out             ,                                                                                                 
@solidjs/signals       , deepPropagation                                              , 714.85   , 743.52   , 760.11   , 0.021    , pull           , linear chain             ,                                                                                                 
@solidjs/signals       , diamond                                                      , 1383.91  , 1426.48  , 1448.62  , 0.016    , baseline       , diamond                  ,                                                                                                 
@solidjs/signals       , mux                                                          , 649.74   , 687.70   , 710.01   , 0.031    , dynamic        , dynamic branch           ,                                                                                                 
@solidjs/signals       , repeatedObservers                                            , 281.85   , 313.06   , 327.65   , 0.051    , baseline       , duplicate observer       ,                                                                                                 
@solidjs/signals       , triangle                                                     , 458.14   , 484.93   , 500.07   , 0.031    , baseline       , glitch-free triangle     ,                                                                                                 
@solidjs/signals       , unstable                                                     , 358.85   , 391.03   , 408.88   , 0.046    , dynamic        , dynamic dependency churn ,                                                                                                 
@solidjs/signals       , manyEffectsFromOneSource                                     , 1585.02  , 1610.47  , 1616.74  , 0.009    , push           , wide fan-out             , checksum=180075672000                                                                           
@solidjs/signals       , manySourcesIntoOneComputedEffectWithDirect                   , 416.18   , 443.75   , 455.29   , 0.031    , pull           , wide fan-in              , checksum=1372929289844                                                                          
@solidjs/signals       , manySourcesIntoOneComputedEffect                             , 398.25   , 431.85   , 446.33   , 0.038    , pull           , wide fan-in              , checksum=1331323690944                                                                          
@solidjs/signals       , manySourcesIntoOneDirectEffect                               , 109.91   , 131.45   , 142.43   , 0.092    , pull           , wide fan-in              , checksum=41605598900                                                                            
@solidjs/signals       , molBench                                                     , 535.58   , 562.79   , 575.57   , 0.024    , dynamic        , mixed app graph          ,                                                                                                 
@solidjs/signals       , createDataSignals                                            , 9.07     , 10.56    , 10.75    , 0.094    , creation       , signal creation          ,                                                                                                 
@solidjs/signals       , createComputations0to1                                       , 12.68    , 22.51    , 25.46    , 0.338    , creation       , computed creation        ,                                                                                                 
@solidjs/signals       , createComputations1to1                                       , 18.75    , 23.63    , 25.26    , 0.126    , creation       , computed creation        ,                                                                                                 
@solidjs/signals       , createComputations2to1                                       , 17.92    , 22.80    , 24.36    , 0.131    , creation       , computed creation        ,                                                                                                 
@solidjs/signals       , createComputations4to1                                       , 14.43    , 17.76    , 18.37    , 0.101    , creation       , computed creation        ,                                                                                                 
@solidjs/signals       , createComputations1000to1                                    , 8.87     , 20.79    , 22.79    , 0.423    , creation       , computed creation        ,                                                                                                 
@solidjs/signals       , createComputations1to2                                       , 16.22    , 22.97    , 25.11    , 0.186    , creation       , computed creation        ,                                                                                                 
@solidjs/signals       , createComputations1to4                                       , 16.14    , 25.07    , 27.14    , 0.240    , creation       , computed creation        ,                                                                                                 
@solidjs/signals       , createComputations1to8                                       , 22.95    , 31.87    , 34.69    , 0.254    , creation       , computed creation        ,                                                                                                 
@solidjs/signals       , createComputations1to1000                                    , 15.07    , 30.67    , 35.12    , 0.400    , creation       , computed creation        ,                                                                                                 
@solidjs/signals       , updateComputations1to1                                       , 8.55     , 11.38    , 11.79    , 0.132    , update         , stable update            ,                                                                                                 
@solidjs/signals       , updateComputations2to1                                       , 5.23     , 7.22     , 7.58     , 0.153    , update         , stable update            ,                                                                                                 
@solidjs/signals       , updateComputations4to1                                       , 3.91     , 5.98     , 6.61     , 0.331    , update         , stable update            ,                                                                                                 
@solidjs/signals       , updateComputations1000to1                                    , 0.20     , 0.88     , 1.00     , 0.767    , update         , stable update            ,                                                                                                 
@solidjs/signals       , updateComputations1to2                                       , 5.88     , 8.00     , 8.40     , 0.145    , update         , stable update            ,                                                                                                 
@solidjs/signals       , updateComputations1to4                                       , 5.02     , 6.23     , 6.30     , 0.128    , update         , stable update            ,                                                                                                 
@solidjs/signals       , updateComputations1to1000                                    , 3.49     , 5.80     , 5.82     , 0.258    , update         , stable update            ,                                                                                                 
@solidjs/signals       , 64x6 - 4 sources - dynamic - read 12% (dashboard selective r , 1787.95  , 1884.68  , 1895.96  , 0.022    , dynamic        , dynamic rectangular DAG  , nodesRecomputed=6000270 nodesVisited=6000270 edgesTraversed=24001017 sinkReads=960008 fallbackCo
@solidjs/signals       , 24x8 - 3 sources - dynamic - read 40% (editor derived state) , 1467.77  , 1476.64  , 1476.95  , 0.008    , dynamic        , dynamic rectangular DAG  , nodesRecomputed=5670087 nodesVisited=5670087 edgesTraversed=17010146 sinkReads=900010 fallbackCo
@solidjs/signals       , 120x7 - 5 sources - dynamic - read 18% (kanban board)        , 997.81   , 1063.52  , 1076.07  , 0.034    , dynamic        , dynamic rectangular DAG  , nodesRecomputed=2700620 nodesVisited=2700620 edgesTraversed=13502767 sinkReads=660022 fallbackCo
@solidjs/signals       , 40x10 - 4 sources - dynamic - read 60% (entity detail page)  , 1433.23  , 1449.26  , 1453.96  , 0.014    , dynamic        , dynamic rectangular DAG  , nodesRecomputed=4320213 nodesVisited=4320213 edgesTraversed=17280788 sinkReads=720024 fallbackCo
@solidjs/signals       , 256->512x32 - fanIn 4 - layered-dag - 4 sources (layered ful , 138.51   , 156.08   , 160.86   , 0.086    , large_graph    , layered DAG              , nodesRecomputed=233240 nodesVisited=233240 edgesTraversed=932960 sinkReads=61952 fallbackCount=0
@solidjs/signals       , 256->512x32 - fanIn 4 - layered-dag - 4 sources - warm 320 ( , 143.80   , 146.84   , 147.24   , 0.026    , large_graph    , layered DAG              , nodesRecomputed=235200 nodesVisited=235200 edgesTraversed=940800 sinkReads=61952 fallbackCount=0
@solidjs/signals       , 256->512x32 - fanIn 8 - layered-dag - 8 sources - burst 16 - , 1906.85  , 2052.65  , 2067.86  , 0.073    , large_graph    , layered DAG              , nodesRecomputed=1529088 nodesVisited=1529088 edgesTraversed=12232704 sinkReads=49664 fallbackCou
@solidjs/signals       , 256->512x32 - fanIn 8 - diamond-mesh - 8 sources - warm 256  , 14.21    , 17.80    , 18.98    , 0.119    , large_graph    , diamond mesh             , nodesRecomputed=24576 nodesVisited=24576 edgesTraversed=196608 sinkReads=49664 fallbackCount=0 h
@solidjs/signals       , 32x8 - 4 sources - pull (pure pull)                          , 40.17    , 52.73    , 56.15    , 0.139    , pull           , stable rectangular DAG   , nodesRecomputed=448 nodesVisited=448 edgesTraversed=1792 sinkReads=32 fallbackCount=0 heightAdju
@solidjs/signals       , 8x64 - 1 sources - pull (linear chain - 1 source - pull (lin , 39.80    , 74.31    , 82.61    , 0.327    , pull           , stable rectangular DAG   , nodesRecomputed=1008 nodesVisited=1008 edgesTraversed=1008 sinkReads=8 fallbackCount=0 heightAdj
@solidjs/signals       , 64x4 - 8 sources - pull (wide tree - 8 sources - pull (branc , 43.73    , 75.30    , 86.01    , 0.319    , pull           , stable rectangular DAG   , nodesRecomputed=384 nodesVisited=384 edgesTraversed=3072 sinkReads=64 fallbackCount=0 heightAdju
@solidjs/signals       , 32x8 - 4 sources - push (pure push)                          , 504.63   , 512.53   , 514.22   , 0.030    , pull           , stable rectangular DAG   , nodesRecomputed=910133 nodesVisited=910133 edgesTraversed=3640532 sinkReads=220010 fallbackCount
@solidjs/signals       , 10x5 - 2 sources - read 20% (simple component)               , 1839.49  , 1878.03  , 1879.59  , 0.014    , pull           , stable rectangular DAG   , nodesRecomputed=8400026 nodesVisited=8400026 edgesTraversed=16800052 sinkReads=1200002 fallbackC
@solidjs/signals       , 10x10 - 6 sources - dynamic - read 20% (dynamic component)   , 567.35   , 570.82   , 570.86   , 0.019    , dynamic        , dynamic rectangular DAG  , nodesRecomputed=1290004 nodesVisited=1290004 edgesTraversed=7739922 sinkReads=30002 fallbackCoun
@solidjs/signals       , 1000x12 - 4 sources - dynamic (large web app)                , 799.26   , 851.30   , 868.39   , 0.042    , dynamic        , dynamic rectangular DAG  , nodesRecomputed=1473786 nodesVisited=1473786 edgesTraversed=5891713 sinkReads=7001000 fallbackCo
@solidjs/signals       , 1000x5 - 25 sources (wide dense)                             , 1123.31  , 1136.35  , 1137.39  , 0.008    , pull           , stable rectangular DAG   , nodesRecomputed=735756 nodesVisited=735756 edgesTraversed=18393900 sinkReads=3001000 fallbackCou
@solidjs/signals       , 5x500 - 3 sources (deep)                                     , 395.11   , 410.36   , 413.92   , 0.026    , pull           , stable rectangular DAG   , nodesRecomputed=1246502 nodesVisited=1246502 edgesTraversed=3739506 sinkReads=2505 fallbackCount
SolidJS                , avoidablePropagation                                         , 800.82   , 829.00   , 836.18   , 0.018    , baseline       , selective propagation    ,                                                                                                 
SolidJS                , broadPropagation                                             , 965.60   , 999.53   , 1004.21  , 0.023    , baseline       , wide fan-out             ,                                                                                                 
SolidJS                , deepPropagation                                              , 428.94   , 443.13   , 445.59   , 0.019    , pull           , linear chain             ,                                                                                                 
SolidJS                , diamond                                                      , 757.93   , 780.04   , 789.99   , 0.016    , baseline       , diamond                  ,                                                                                                 
SolidJS                , mux                                                          , 602.38   , 630.53   , 637.38   , 0.032    , dynamic        , dynamic branch           ,                                                                                                 
SolidJS                , repeatedObservers                                            , 219.98   , 240.99   , 253.63   , 0.050    , baseline       , duplicate observer       ,                                                                                                 
SolidJS                , triangle                                                     , 297.49   , 330.15   , 344.09   , 0.050    , baseline       , glitch-free triangle     ,                                                                                                 
SolidJS                , unstable                                                     , 278.65   , 301.58   , 313.98   , 0.042    , dynamic        , dynamic dependency churn ,                                                                                                 
SolidJS                , manyEffectsFromOneSource                                     , 567.32   , 602.19   , 613.30   , 0.033    , push           , wide fan-out             , checksum=180075672000                                                                           
SolidJS                , manySourcesIntoOneComputedEffectWithDirect                   , 375.61   , 404.64   , 409.01   , 0.033    , pull           , wide fan-in              , checksum=1372929289844                                                                          
SolidJS                , manySourcesIntoOneComputedEffect                             , 357.96   , 366.80   , 370.07   , 0.013    , pull           , wide fan-in              , checksum=1331323690944                                                                          
SolidJS                , manySourcesIntoOneDirectEffect                               , 75.31    , 96.56    , 104.86   , 0.120    , pull           , wide fan-in              , checksum=41605598900                                                                            
SolidJS                , molBench                                                     , 517.39   , 540.75   , 549.44   , 0.022    , dynamic        , mixed app graph          ,                                                                                                 
SolidJS                , createDataSignals                                            , 8.05     , 10.07    , 10.16    , 0.105    , creation       , signal creation          ,                                                                                                 
SolidJS                , createComputations0to1                                       , 8.91     , 10.52    , 10.64    , 0.199    , creation       , computed creation        ,                                                                                                 
SolidJS                , createComputations1to1                                       , 14.92    , 19.20    , 19.25    , 0.187    , creation       , computed creation        ,                                                                                                 
SolidJS                , createComputations2to1                                       , 15.61    , 20.21    , 20.85    , 0.167    , creation       , computed creation        ,                                                                                                 
SolidJS                , createComputations4to1                                       , 15.69    , 20.72    , 20.95    , 0.221    , creation       , computed creation        ,                                                                                                 
SolidJS                , createComputations1000to1                                    , 9.36     , 11.63    , 12.39    , 0.153    , creation       , computed creation        ,                                                                                                 
SolidJS                , createComputations1to2                                       , 16.01    , 20.72    , 21.27    , 0.152    , creation       , computed creation        ,                                                                                                 
SolidJS                , createComputations1to4                                       , 13.98    , 18.45    , 18.56    , 0.159    , creation       , computed creation        ,                                                                                                 
SolidJS                , createComputations1to8                                       , 16.76    , 27.23    , 29.32    , 0.305    , creation       , computed creation        ,                                                                                                 
SolidJS                , createComputations1to1000                                    , 13.31    , 17.43    , 17.64    , 0.187    , creation       , computed creation        ,                                                                                                 
SolidJS                , updateComputations1to1                                       , 65.35    , 83.26    , 88.31    , 0.189    , update         , stable update            ,                                                                                                 
SolidJS                , updateComputations2to1                                       , 46.88    , 57.06    , 58.72    , 0.171    , update         , stable update            ,                                                                                                 
SolidJS                , updateComputations4to1                                       , 27.55    , 39.01    , 40.56    , 0.194    , update         , stable update            ,                                                                                                 
SolidJS                , updateComputations1000to1                                    , 40.25    , 47.25    , 47.29    , 0.100    , update         , stable update            ,                                                                                                 
SolidJS                , updateComputations1to2                                       , 62.47    , 67.58    , 67.64    , 0.129    , update         , stable update            ,                                                                                                 
SolidJS                , updateComputations1to4                                       , 54.43    , 78.01    , 82.19    , 0.184    , update         , stable update            ,                                                                                                 
SolidJS                , updateComputations1to1000                                    , 45.21    , 56.83    , 57.18    , 0.108    , update         , stable update            ,                                                                                                 
SolidJS                , 64x6 - 4 sources - dynamic - read 12% (dashboard selective r , 2283.33  , 2313.07  , 2315.93  , 0.009    , dynamic        , dynamic rectangular DAG  , nodesRecomputed=6000270 nodesVisited=6000270 edgesTraversed=24001017 sinkReads=960008           
SolidJS                , 24x8 - 3 sources - dynamic - read 40% (editor derived state) , 1914.92  , 2021.34  , 2040.45  , 0.029    , dynamic        , dynamic rectangular DAG  , nodesRecomputed=5670087 nodesVisited=5670087 edgesTraversed=17010146 sinkReads=900010           
SolidJS                , 120x7 - 5 sources - dynamic - read 18% (kanban board)        , 1240.33  , 1258.19  , 1261.13  , 0.008    , dynamic        , dynamic rectangular DAG  , nodesRecomputed=2700620 nodesVisited=2700620 edgesTraversed=13502767 sinkReads=660022           
SolidJS                , 40x10 - 4 sources - dynamic - read 60% (entity detail page)  , 1842.83  , 1874.61  , 1879.37  , 0.013    , dynamic        , dynamic rectangular DAG  , nodesRecomputed=4320213 nodesVisited=4320213 edgesTraversed=17280788 sinkReads=720024           
SolidJS                , 256->512x32 - fanIn 4 - layered-dag - 4 sources (layered ful , 264.88   , 286.03   , 288.55   , 0.035    , large_graph    , layered DAG              , nodesRecomputed=233240 nodesVisited=233240 edgesTraversed=932960 sinkReads=61952                
SolidJS                , 256->512x32 - fanIn 4 - layered-dag - 4 sources - warm 320 ( , 313.85   , 350.80   , 354.27   , 0.078    , large_graph    , layered DAG              , nodesRecomputed=235200 nodesVisited=235200 edgesTraversed=940800 sinkReads=61952                
SolidJS                , 256->512x32 - fanIn 8 - layered-dag - 8 sources - burst 16 - , 2773.50  , 3039.93  , 3044.78  , 0.065    , large_graph    , layered DAG              , nodesRecomputed=1529088 nodesVisited=1529088 edgesTraversed=12232704 sinkReads=49664            
SolidJS                , 256->512x32 - fanIn 8 - diamond-mesh - 8 sources - warm 256  , 24.37    , 27.54    , 28.34    , 0.067    , large_graph    , diamond mesh             , nodesRecomputed=24576 nodesVisited=24576 edgesTraversed=196608 sinkReads=49664                  
SolidJS                , 32x8 - 4 sources - pull (pure pull)                          , 381.46   , 384.15   , 384.63   , 0.008    , pull           , stable rectangular DAG   , nodesRecomputed=910133 nodesVisited=910133 edgesTraversed=3640532 sinkReads=32                  
SolidJS                , 8x64 - 1 sources - pull (linear chain - 1 source - pull (lin , 154.79   , 160.59   , 161.50   , 0.029    , pull           , stable rectangular DAG   , nodesRecomputed=630441 nodesVisited=630441 edgesTraversed=630441 sinkReads=8                    
SolidJS                , 64x4 - 8 sources - pull (wide tree - 8 sources - pull (branc , 307.55   , 317.71   , 321.01   , 0.029    , pull           , stable rectangular DAG   , nodesRecomputed=450147 nodesVisited=450147 edgesTraversed=3601176 sinkReads=64                  
SolidJS                , 32x8 - 4 sources - push (pure push)                          , 428.71   , 439.75   , 443.13   , 0.013    , pull           , stable rectangular DAG   , nodesRecomputed=910133 nodesVisited=910133 edgesTraversed=3640532 sinkReads=220010              
SolidJS                , 10x5 - 2 sources - read 20% (simple component)               , 1993.36  , 2160.25  , 2189.65  , 0.037    , pull           , stable rectangular DAG   , nodesRecomputed=8400026 nodesVisited=8400026 edgesTraversed=16800052 sinkReads=1200002          
SolidJS                , 10x10 - 6 sources - dynamic - read 20% (dynamic component)   , 727.58   , 751.36   , 753.14   , 0.026    , dynamic        , dynamic rectangular DAG  , nodesRecomputed=1290004 nodesVisited=1290004 edgesTraversed=7739922 sinkReads=30002             
SolidJS                , 1000x12 - 4 sources - dynamic (large web app)                , 912.31   , 926.12   , 926.17   , 0.015    , dynamic        , dynamic rectangular DAG  , nodesRecomputed=1473786 nodesVisited=1473786 edgesTraversed=5891713 sinkReads=7001000           
SolidJS                , 1000x5 - 25 sources (wide dense)                             , 1427.11  , 1442.04  , 1442.95  , 0.022    , pull           , stable rectangular DAG   , nodesRecomputed=735756 nodesVisited=735756 edgesTraversed=18393900 sinkReads=3001000            
SolidJS                , 5x500 - 3 sources (deep)                                     , 528.53   , 554.45   , 558.80   , 0.023    , pull           , stable rectangular DAG   , nodesRecomputed=1246502 nodesVisited=1246502 edgesTraversed=3739506 sinkReads=2505              
uSignal                , avoidablePropagation                                         , 1170.63  , 1186.85  , 1188.42  , 0.011    , baseline       , selective propagation    ,                                                                                                 
uSignal                , broadPropagation                                             , 1082.70  , 1165.15  , 1180.70  , 0.037    , baseline       , wide fan-out             ,                                                                                                 
uSignal                , deepPropagation                                              , 401.23   , 420.53   , 429.10   , 0.023    , pull           , linear chain             ,                                                                                                 
uSignal                , diamond                                                      , 735.51   , 777.64   , 792.73   , 0.026    , baseline       , diamond                  ,                                                                                                 
uSignal                , mux                                                          , 1147.66  , 1291.52  , 1292.58  , 0.069    , dynamic        , dynamic branch           ,                                                                                                 
uSignal                , repeatedObservers                                            , 143.48   , 162.84   , 172.02   , 0.062    , baseline       , duplicate observer       ,                                                                                                 
uSignal                , triangle                                                     , 272.40   , 302.43   , 318.12   , 0.054    , baseline       , glitch-free triangle     ,                                                                                                 
uSignal                , unstable                                                     , 152.96   , 171.12   , 181.06   , 0.061    , dynamic        , dynamic dependency churn ,                                                                                                 
uSignal                , manyEffectsFromOneSource                                     , 656.82   , 674.05   , 676.34   , 0.012    , push           , wide fan-out             , checksum=180075672000                                                                           
uSignal                , manySourcesIntoOneComputedEffectWithDirect                   , 335.83   , 358.13   , 358.51   , 0.030    , pull           , wide fan-in              , checksum=1372929289844                                                                          
uSignal                , manySourcesIntoOneComputedEffect                             , 330.77   , 351.69   , 352.85   , 0.028    , pull           , wide fan-in              , checksum=1331323690944                                                                          
uSignal                , manySourcesIntoOneDirectEffect                               , 74.52    , 94.63    , 101.53   , 0.112    , pull           , wide fan-in              , checksum=41605598900                                                                            
uSignal                , molBench                                                     , 845.10   , 859.74   , 865.04   , 0.009    , dynamic        , mixed app graph          ,                                                                                                 
uSignal                , createDataSignals                                            , 8.50     , 11.71    , 11.98    , 0.316    , creation       , signal creation          ,                                                                                                 
uSignal                , createComputations0to1                                       , 10.37    , 11.68    , 11.79    , 0.129    , creation       , computed creation        ,                                                                                                 
uSignal                , createComputations1to1                                       , 9.03     , 17.02    , 17.93    , 0.387    , creation       , computed creation        ,                                                                                                 
uSignal                , createComputations2to1                                       , 6.53     , 16.36    , 18.28    , 0.607    , creation       , computed creation        ,                                                                                                 
uSignal                , createComputations4to1                                       , 4.33     , 10.11    , 11.77    , 0.652    , creation       , computed creation        ,                                                                                                 
uSignal                , createComputations1000to1                                    , 0.11     , 0.17     , 0.18     , 0.561    , creation       , computed creation        ,                                                                                                 
uSignal                , createComputations1to2                                       , 12.00    , 22.41    , 25.70    , 0.507    , creation       , computed creation        ,                                                                                                 
uSignal                , createComputations1to4                                       , 11.54    , 19.01    , 21.26    , 0.373    , creation       , computed creation        ,                                                                                                 
uSignal                , createComputations1to8                                       , 8.84     , 15.77    , 16.99    , 0.334    , creation       , computed creation        ,                                                                                                 
uSignal                , createComputations1to1000                                    , 8.86     , 11.50    , 11.69    , 0.124    , creation       , computed creation        ,                                                                                                 
uSignal                , updateComputations1to1                                       , 4.57     , 5.84     , 6.06     , 0.190    , update         , stable update            ,                                                                                                 
uSignal                , updateComputations2to1                                       , 2.67     , 3.85     , 3.99     , 0.171    , update         , stable update            ,                                                                                                 
uSignal                , updateComputations4to1                                       , 2.00     , 3.32     , 3.40     , 0.355    , update         , stable update            ,                                                                                                 
uSignal                , updateComputations1000to1                                    , 0.08     , 0.28     , 0.34     , 0.763    , update         , stable update            ,                                                                                                 
uSignal                , updateComputations1to2                                       , 3.92     , 3.95     , 3.95     , 0.159    , update         , stable update            ,                                                                                                 
uSignal                , updateComputations1to4                                       , 1.99     , 2.07     , 2.09     , 0.134    , update         , stable update            ,                                                                                                 
uSignal                , updateComputations1to1000                                    , 0.26     , 0.46     , 0.48     , 0.468    , update         , stable update            ,                                                                                                 
uSignal                , 64x6 - 4 sources - dynamic - read 12% (dashboard selective r , 781.64   , 788.09   , 789.82   , 0.027    , dynamic        , dynamic rectangular DAG  , nodesRecomputed=2642029 nodesVisited=2642029 edgesTraversed=10568081 sinkReads=960008           
uSignal                , 24x8 - 3 sources - dynamic - read 40% (editor derived state) , 1150.96  , 1160.90  , 1162.27  , 0.010    , dynamic        , dynamic rectangular DAG  , nodesRecomputed=4736332 nodesVisited=4736332 edgesTraversed=14208887 sinkReads=900010           
uSignal                , 120x7 - 5 sources - dynamic - read 18% (kanban board)        , 775.57   , 787.23   , 787.91   , 0.011    , dynamic        , dynamic rectangular DAG  , nodesRecomputed=1765496 nodesVisited=1765496 edgesTraversed=8827231 sinkReads=660022            
uSignal                , 40x10 - 4 sources - dynamic - read 60% (entity detail page)  , 1243.86  , 1321.32  , 1340.96  , 0.037    , dynamic        , dynamic rectangular DAG  , nodesRecomputed=3984210 nodesVisited=3984210 edgesTraversed=15936789 sinkReads=720024           
uSignal                , 256->512x32 - fanIn 4 - layered-dag - 4 sources (layered ful , 141.61   , 159.09   , 161.24   , 0.087    , large_graph    , layered DAG              , nodesRecomputed=249624 nodesVisited=249624 edgesTraversed=998496 sinkReads=61952                
uSignal                , 256->512x32 - fanIn 4 - layered-dag - 4 sources - warm 320 ( , 145.08   , 178.80   , 185.00   , 0.100    , large_graph    , layered DAG              , nodesRecomputed=235200 nodesVisited=235200 edgesTraversed=940800 sinkReads=61952                
uSignal                , 256->512x32 - fanIn 8 - layered-dag - 8 sources - burst 16 - , 2151.68  , 2261.67  , 2270.55  , 0.049    , large_graph    , layered DAG              , nodesRecomputed=1529088 nodesVisited=1529088 edgesTraversed=12232704 sinkReads=49664            
uSignal                , 256->512x32 - fanIn 8 - diamond-mesh - 8 sources - warm 256  , 11.18    , 12.87    , 13.30    , 0.074    , large_graph    , diamond mesh             , nodesRecomputed=24576 nodesVisited=24576 edgesTraversed=196608 sinkReads=49664                  
uSignal                , 32x8 - 4 sources - pull (pure pull)                          , 38.98    , 46.68    , 47.89    , 0.089    , pull           , stable rectangular DAG   , nodesRecomputed=224 nodesVisited=224 edgesTraversed=896 sinkReads=32                            
uSignal                , 8x64 - 1 sources - pull (linear chain - 1 source - pull (lin , 42.46    , 70.72    , 80.19    , 0.295    , pull           , stable rectangular DAG   , nodesRecomputed=504 nodesVisited=504 edgesTraversed=504 sinkReads=8                             
uSignal                , 64x4 - 8 sources - pull (wide tree - 8 sources - pull (branc , 43.22    , 47.32    , 48.03    , 0.070    , pull           , stable rectangular DAG   , nodesRecomputed=192 nodesVisited=192 edgesTraversed=1536 sinkReads=64                           
uSignal                , 32x8 - 4 sources - push (pure push)                          , 351.11   , 360.42   , 361.86   , 0.020    , pull           , stable rectangular DAG   , nodesRecomputed=910133 nodesVisited=910133 edgesTraversed=3640532 sinkReads=220010              
uSignal                , 10x5 - 2 sources - read 20% (simple component)               , 555.01   , 557.71   , 558.13   , 0.023    , pull           , stable rectangular DAG   , nodesRecomputed=3180010 nodesVisited=3180010 edgesTraversed=6360020 sinkReads=1200002           
uSignal                , 10x10 - 6 sources - dynamic - read 20% (dynamic component)   , 537.26   , 558.14   , 558.35   , 0.022    , dynamic        , dynamic rectangular DAG  , nodesRecomputed=1140004 nodesVisited=1140004 edgesTraversed=6839936 sinkReads=30002             
uSignal                , 1000x12 - 4 sources - dynamic (large web app)                , 638.80   , 654.31   , 654.95   , 0.068    , dynamic        , dynamic rectangular DAG  , nodesRecomputed=1473786 nodesVisited=1473786 edgesTraversed=5891713 sinkReads=7001000           
uSignal                , 1000x5 - 25 sources (wide dense)                             , 1454.60  , 1477.60  , 1482.59  , 0.010    , pull           , stable rectangular DAG   , nodesRecomputed=735756 nodesVisited=735756 edgesTraversed=18393900 sinkReads=3001000            
uSignal                , 5x500 - 3 sources (deep)                                     , 367.83   , 369.97   , 370.06   , 0.009    , pull           , stable rectangular DAG   , nodesRecomputed=1246502 nodesVisited=1246502 edgesTraversed=3739506 sinkReads=2505              
@vue/reactivity        , avoidablePropagation                                         , 748.74   , 769.83   , 781.78   , 0.014    , baseline       , selective propagation    ,                                                                                                 
@vue/reactivity        , broadPropagation                                             , 640.87   , 675.93   , 692.81   , 0.027    , baseline       , wide fan-out             ,                                                                                                 
@vue/reactivity        , deepPropagation                                              , 252.75   , 279.70   , 296.30   , 0.056    , pull           , linear chain             ,                                                                                                 
@vue/reactivity        , diamond                                                      , 542.49   , 567.01   , 581.83   , 0.026    , baseline       , diamond                  ,                                                                                                 
@vue/reactivity        , mux                                                          , 618.34   , 673.75   , 686.67   , 0.044    , dynamic        , dynamic branch           ,                                                                                                 
@vue/reactivity        , repeatedObservers                                            , 117.75   , 128.08   , 132.65   , 0.042    , baseline       , duplicate observer       ,                                                                                                 
@vue/reactivity        , triangle                                                     , 195.74   , 226.48   , 241.71   , 0.074    , baseline       , glitch-free triangle     ,                                                                                                 
@vue/reactivity        , unstable                                                     , 149.80   , 175.24   , 189.31   , 0.084    , dynamic        , dynamic dependency churn ,                                                                                                 
@vue/reactivity        , manyEffectsFromOneSource                                     , 374.29   , 386.05   , 390.13   , 0.015    , push           , wide fan-out             , checksum=180075672000                                                                           
@vue/reactivity        , manySourcesIntoOneComputedEffectWithDirect                   , 298.50   , 323.44   , 335.76   , 0.040    , pull           , wide fan-in              , checksum=10692195069556                                                                         
@vue/reactivity        , manySourcesIntoOneComputedEffect                             , 264.48   , 278.64   , 286.52   , 0.027    , pull           , wide fan-in              , checksum=10650589470656                                                                         
@vue/reactivity        , manySourcesIntoOneDirectEffect                               , 72.80    , 90.34    , 95.85    , 0.099    , pull           , wide fan-in              , checksum=41605598900                                                                            
@vue/reactivity        , molBench                                                     , 1086.58  , 1099.47  , 1104.59  , 0.006    , dynamic        , mixed app graph          ,                                                                                                 
@vue/reactivity        , createDataSignals                                            , 12.30    , 13.69    , 13.80    , 0.232    , creation       , signal creation          ,                                                                                                 
@vue/reactivity        , createComputations0to1                                       , 9.39     , 12.65    , 12.86    , 0.235    , creation       , computed creation        ,                                                                                                 
@vue/reactivity        , createComputations1to1                                       , 13.29    , 15.91    , 16.43    , 0.162    , creation       , computed creation        ,                                                                                                 
@vue/reactivity        , createComputations2to1                                       , 10.90    , 15.66    , 16.71    , 0.476    , creation       , computed creation        ,                                                                                                 
@vue/reactivity        , createComputations4to1                                       , 6.62     , 10.75    , 10.79    , 0.396    , creation       , computed creation        ,                                                                                                 
@vue/reactivity        , createComputations1000to1                                    , 0.12     , 0.21     , 0.22     , 0.507    , creation       , computed creation        ,                                                                                                 
@vue/reactivity        , createComputations1to2                                       , 11.22    , 15.41    , 16.33    , 0.270    , creation       , computed creation        ,                                                                                                 
@vue/reactivity        , createComputations1to4                                       , 11.53    , 13.30    , 13.58    , 0.078    , creation       , computed creation        ,                                                                                                 
@vue/reactivity        , createComputations1to8                                       , 11.05    , 13.20    , 13.82    , 0.100    , creation       , computed creation        ,                                                                                                 
@vue/reactivity        , createComputations1to1000                                    , 9.13     , 13.63    , 14.85    , 0.223    , creation       , computed creation        ,                                                                                                 
@vue/reactivity        , updateComputations1to1                                       , 4.93     , 7.49     , 7.53     , 0.270    , update         , stable update            ,                                                                                                 
@vue/reactivity        , updateComputations2to1                                       , 3.08     , 6.17     , 6.54     , 0.339    , update         , stable update            ,                                                                                                 
@vue/reactivity        , updateComputations4to1                                       , 2.51     , 3.48     , 3.71     , 0.171    , update         , stable update            ,                                                                                                 
@vue/reactivity        , updateComputations1000to1                                    , 0.11     , 0.36     , 0.44     , 0.784    , update         , stable update            ,                                                                                                 
@vue/reactivity        , updateComputations1to2                                       , 4.34     , 4.69     , 4.70     , 0.041    , update         , stable update            ,                                                                                                 
@vue/reactivity        , updateComputations1to4                                       , 2.46     , 3.38     , 3.68     , 0.175    , update         , stable update            ,                                                                                                 
@vue/reactivity        , updateComputations1to1000                                    , 0.35     , 0.45     , 0.46     , 0.205    , update         , stable update            ,                                                                                                 
@vue/reactivity        , 64x6 - 4 sources - dynamic - read 12% (dashboard selective r , 1270.31  , 1280.77  , 1282.93  , 0.009    , dynamic        , dynamic rectangular DAG  , nodesRecomputed=2642029 nodesVisited=2642029 edgesTraversed=10568081 sinkReads=960008           
@vue/reactivity        , 24x8 - 3 sources - dynamic - read 40% (editor derived state) , 1146.15  , 1193.55  , 1200.22  , 0.022    , dynamic        , dynamic rectangular DAG  , nodesRecomputed=4736332 nodesVisited=4736332 edgesTraversed=14208887 sinkReads=900010           
@vue/reactivity        , 120x7 - 5 sources - dynamic - read 18% (kanban board)        , 1443.05  , 1532.83  , 1546.07  , 0.033    , dynamic        , dynamic rectangular DAG  , nodesRecomputed=1765496 nodesVisited=1765496 edgesTraversed=8827231 sinkReads=660022            
@vue/reactivity        , 40x10 - 4 sources - dynamic - read 60% (entity detail page)  , 1298.73  , 1335.46  , 1345.51  , 0.024    , dynamic        , dynamic rectangular DAG  , nodesRecomputed=3984210 nodesVisited=3984210 edgesTraversed=15936789 sinkReads=720024           
@vue/reactivity        , 256->512x32 - fanIn 4 - layered-dag - 4 sources (layered ful , 257.72   , 279.72   , 280.14   , 0.083    , large_graph    , layered DAG              , nodesRecomputed=249624 nodesVisited=249624 edgesTraversed=998496 sinkReads=61952                
@vue/reactivity        , 256->512x32 - fanIn 4 - layered-dag - 4 sources - warm 320 ( , 295.58   , 438.54   , 485.82   , 0.238    , large_graph    , layered DAG              , nodesRecomputed=235200 nodesVisited=235200 edgesTraversed=940800 sinkReads=61952                
@vue/reactivity        , 256->512x32 - fanIn 8 - layered-dag - 8 sources - burst 16 - , 1322.35  , 1564.50  , 1629.07  , 0.101    , large_graph    , layered DAG              , nodesRecomputed=1529088 nodesVisited=1529088 edgesTraversed=12232704 sinkReads=49664            
@vue/reactivity        , 256->512x32 - fanIn 8 - diamond-mesh - 8 sources - warm 256  , 90.12    , 123.15   , 128.09   , 0.144    , large_graph    , diamond mesh             , nodesRecomputed=24576 nodesVisited=24576 edgesTraversed=196608 sinkReads=49664                  
@vue/reactivity        , 32x8 - 4 sources - pull (pure pull)                          , 60.75    , 86.52    , 86.78    , 0.321    , pull           , stable rectangular DAG   , nodesRecomputed=224 nodesVisited=224 edgesTraversed=896 sinkReads=32                            
@vue/reactivity        , 8x64 - 1 sources - pull (linear chain - 1 source - pull (lin , 41.55    , 70.68    , 80.01    , 0.306    , pull           , stable rectangular DAG   , nodesRecomputed=504 nodesVisited=504 edgesTraversed=504 sinkReads=8                             
@vue/reactivity        , 64x4 - 8 sources - pull (wide tree - 8 sources - pull (branc , 41.75    , 70.91    , 80.38    , 0.317    , pull           , stable rectangular DAG   , nodesRecomputed=192 nodesVisited=192 edgesTraversed=1536 sinkReads=64                           
@vue/reactivity        , 32x8 - 4 sources - push (pure push)                          , 310.17   , 312.32   , 312.48   , 0.005    , pull           , stable rectangular DAG   , nodesRecomputed=910133 nodesVisited=910133 edgesTraversed=3640532 sinkReads=220010              
@vue/reactivity        , 10x5 - 2 sources - read 20% (simple component)               , 542.13   , 546.61   , 547.86   , 0.008    , pull           , stable rectangular DAG   , nodesRecomputed=3180010 nodesVisited=3180010 edgesTraversed=6360020 sinkReads=1200002           
@vue/reactivity        , 10x10 - 6 sources - dynamic - read 20% (dynamic component)   , 351.40   , 360.11   , 362.67   , 0.014    , dynamic        , dynamic rectangular DAG  , nodesRecomputed=1140004 nodesVisited=1140004 edgesTraversed=6839936 sinkReads=30002             
@vue/reactivity        , 1000x12 - 4 sources - dynamic (large web app)                , 3840.99  , 4334.42  , 4420.80  , 0.067    , dynamic        , dynamic rectangular DAG  , nodesRecomputed=1473786 nodesVisited=1473786 edgesTraversed=5891713 sinkReads=7001000           
@vue/reactivity        , 1000x5 - 25 sources (wide dense)                             , 5097.07  , 5876.58  , 6006.05  , 0.073    , pull           , stable rectangular DAG   , nodesRecomputed=735756 nodesVisited=735756 edgesTraversed=18393900 sinkReads=3001000            
@vue/reactivity        , 5x500 - 3 sources (deep)                                     , 260.19   , 262.68   , 263.30   , 0.009    , pull           , stable rectangular DAG   , nodesRecomputed=1246502 nodesVisited=1246502 edgesTraversed=3739506 sinkReads=2505              
MobX                   , avoidablePropagation                                         , 1297.95  , 1331.87  , 1346.90  , 0.014    , baseline       , selective propagation    ,                                                                                                 
MobX                   , broadPropagation                                             , 2498.00  , 2523.32  , 2523.62  , 0.007    , baseline       , wide fan-out             ,                                                                                                 
MobX                   , deepPropagation                                              , 797.77   , 843.05   , 863.14   , 0.027    , pull           , linear chain             ,                                                                                                 
MobX                   , diamond                                                      , 1520.58  , 1547.03  , 1557.87  , 0.010    , baseline       , diamond                  ,                                                                                                 
MobX                   , mux                                                          , 1057.63  , 1122.40  , 1137.31  , 0.027    , dynamic        , dynamic branch           ,                                                                                                 
MobX                   , repeatedObservers                                            , 173.68   , 200.69   , 217.33   , 0.081    , baseline       , duplicate observer       ,                                                                                                 
MobX                   , triangle                                                     , 506.79   , 539.28   , 555.90   , 0.032    , baseline       , glitch-free triangle     ,                                                                                                 
MobX                   , unstable                                                     , 319.78   , 357.56   , 379.98   , 0.060    , dynamic        , dynamic dependency churn ,                                                                                                 
MobX                   , manyEffectsFromOneSource                                     , 1760.83  , 1774.11  , 1777.72  , 0.016    , push           , wide fan-out             , checksum=180075672000                                                                           
MobX                   , manySourcesIntoOneComputedEffectWithDirect                   , 294.69   , 319.94   , 334.17   , 0.046    , pull           , wide fan-in              , checksum=1372929289844                                                                          
MobX                   , manySourcesIntoOneComputedEffect                             , 272.52   , 301.31   , 316.48   , 0.053    , pull           , wide fan-in              , checksum=1331323690944                                                                          
MobX                   , manySourcesIntoOneDirectEffect                               , 89.10    , 108.91   , 118.06   , 0.100    , pull           , wide fan-in              , checksum=41605598900                                                                            
MobX                   , molBench                                                     , 446.37   , 472.70   , 485.87   , 0.030    , dynamic        , mixed app graph          ,                                                                                                 
MobX                   , createDataSignals                                            , 15.19    , 19.71    , 20.73    , 0.147    , creation       , signal creation          ,                                                                                                 
MobX                   , createComputations0to1                                       , 19.06    , 35.08    , 39.01    , 0.348    , creation       , computed creation        ,                                                                                                 
MobX                   , createComputations1to1                                       , 19.30    , 32.02    , 35.69    , 0.276    , creation       , computed creation        ,                                                                                                 
MobX                   , createComputations2to1                                       , 15.81    , 25.27    , 27.73    , 0.245    , creation       , computed creation        ,                                                                                                 
MobX                   , createComputations4to1                                       , 12.35    , 18.48    , 20.24    , 0.224    , creation       , computed creation        ,                                                                                                 
MobX                   , createComputations1000to1                                    , 0.26     , 0.34     , 0.36     , 0.248    , creation       , computed creation        ,                                                                                                 
MobX                   , createComputations1to2                                       , 20.44    , 39.19    , 45.59    , 0.455    , creation       , computed creation        ,                                                                                                 
MobX                   , createComputations1to4                                       , 17.39    , 34.11    , 38.32    , 0.379    , creation       , computed creation        ,                                                                                                 
MobX                   , createComputations1to8                                       , 16.75    , 24.64    , 25.98    , 0.195    , creation       , computed creation        ,                                                                                                 
MobX                   , createComputations1to1000                                    , 18.48    , 34.00    , 38.36    , 0.341    , creation       , computed creation        ,                                                                                                 
MobX                   , updateComputations1to1                                       , 11.93    , 14.81    , 15.19    , 0.097    , update         , stable update            ,                                                                                                 
MobX                   , updateComputations2to1                                       , 8.03     , 9.58     , 9.93     , 0.089    , update         , stable update            ,                                                                                                 
MobX                   , updateComputations4to1                                       , 5.29     , 6.54     , 6.81     , 0.123    , update         , stable update            ,                                                                                                 
MobX                   , updateComputations1000to1                                    , 0.21     , 0.90     , 1.12     , 0.992    , update         , stable update            ,                                                                                                 
MobX                   , updateComputations1to2                                       , 6.92     , 8.66     , 8.74     , 0.154    , update         , stable update            ,                                                                                                 
MobX                   , updateComputations1to4                                       , 4.91     , 5.87     , 6.06     , 0.210    , update         , stable update            ,                                                                                                 
MobX                   , updateComputations1to1000                                    , 0.83     , 1.14     , 1.15     , 0.328    , update         , stable update            ,                                                                                                 
MobX                   , 64x6 - 4 sources - dynamic - read 12% (dashboard selective r , 1537.81  , 1563.97  , 1566.17  , 0.011    , dynamic        , dynamic rectangular DAG  , nodesRecomputed=2642029 nodesVisited=2642029 edgesTraversed=10568081 sinkReads=960008           
MobX                   , 24x8 - 3 sources - dynamic - read 40% (editor derived state) , 2326.57  , 2417.59  , 2422.90  , 0.020    , dynamic        , dynamic rectangular DAG  , nodesRecomputed=4736332 nodesVisited=4736332 edgesTraversed=14208887 sinkReads=900010           
MobX                   , 120x7 - 5 sources - dynamic - read 18% (kanban board)        , 1237.83  , 1240.93  , 1241.42  , 0.004    , dynamic        , dynamic rectangular DAG  , nodesRecomputed=1765496 nodesVisited=1765496 edgesTraversed=8827231 sinkReads=660022            
MobX                   , 40x10 - 4 sources - dynamic - read 60% (entity detail page)  , 2515.37  , 2584.91  , 2595.89  , 0.014    , dynamic        , dynamic rectangular DAG  , nodesRecomputed=3984210 nodesVisited=3984210 edgesTraversed=15936789 sinkReads=720024           
MobX                   , 256->512x32 - fanIn 4 - layered-dag - 4 sources (layered ful , 267.20   , 292.29   , 296.81   , 0.054    , large_graph    , layered DAG              , nodesRecomputed=249624 nodesVisited=249624 edgesTraversed=998496 sinkReads=61952                
MobX                   , 256->512x32 - fanIn 4 - layered-dag - 4 sources - warm 320 ( , 324.76   , 349.72   , 352.54   , 0.042    , large_graph    , layered DAG              , nodesRecomputed=249624 nodesVisited=249624 edgesTraversed=998496 sinkReads=61952                
MobX                   , 256->512x32 - fanIn 8 - layered-dag - 8 sources - burst 16 - , 2976.12  , 3171.11  , 3200.07  , 0.055    , large_graph    , layered DAG              , nodesRecomputed=1529544 nodesVisited=1529544 edgesTraversed=12236352 sinkReads=49664            
MobX                   , 256->512x32 - fanIn 8 - diamond-mesh - 8 sources - warm 256  , 42.17    , 57.41    , 62.35    , 0.172    , large_graph    , diamond mesh             , nodesRecomputed=40704 nodesVisited=40704 edgesTraversed=325632 sinkReads=49664                  
MobX                   , 32x8 - 4 sources - pull (pure pull)                          , 48.54    , 49.63    , 49.64    , 0.018    , pull           , stable rectangular DAG   , nodesRecomputed=2240 nodesVisited=2240 edgesTraversed=8960 sinkReads=32                         
MobX                   , 8x64 - 1 sources - pull (linear chain - 1 source - pull (lin , 44.69    , 72.30    , 81.00    , 0.282    , pull           , stable rectangular DAG   , nodesRecomputed=504 nodesVisited=504 edgesTraversed=504 sinkReads=8                             
MobX                   , 64x4 - 8 sources - pull (wide tree - 8 sources - pull (branc , 47.85    , 48.87    , 48.95    , 0.019    , pull           , stable rectangular DAG   , nodesRecomputed=1536 nodesVisited=1536 edgesTraversed=12288 sinkReads=64                        
MobX                   , 32x8 - 4 sources - push (pure push)                          , 674.22   , 683.32   , 685.26   , 0.013    , pull           , stable rectangular DAG   , nodesRecomputed=910133 nodesVisited=910133 edgesTraversed=3640532 sinkReads=220010              
MobX                   , 10x5 - 2 sources - read 20% (simple component)               , 1289.52  , 1323.34  , 1330.40  , 0.013    , pull           , stable rectangular DAG   , nodesRecomputed=3180010 nodesVisited=3180010 edgesTraversed=6360020 sinkReads=1200002           
MobX                   , 10x10 - 6 sources - dynamic - read 20% (dynamic component)   , 988.07   , 995.38   , 995.85   , 0.006    , dynamic        , dynamic rectangular DAG  , nodesRecomputed=1140004 nodesVisited=1140004 edgesTraversed=6839936 sinkReads=30002             
MobX                   , 1000x12 - 4 sources - dynamic (large web app)                , 1372.70  , 1404.86  , 1411.45  , 0.038    , dynamic        , dynamic rectangular DAG  , nodesRecomputed=1473786 nodesVisited=1473786 edgesTraversed=5891713 sinkReads=7001000           
MobX                   , 1000x5 - 25 sources (wide dense)                             , 1900.70  , 1924.84  , 1926.67  , 0.007    , pull           , stable rectangular DAG   , nodesRecomputed=735756 nodesVisited=735756 edgesTraversed=18393900 sinkReads=3001000            
MobX                   , 5x500 - 3 sources (deep)                                     , 702.61   , 707.06   , 707.33   , 0.009    , pull           , stable rectangular DAG   , nodesRecomputed=1246502 nodesVisited=1246502 edgesTraversed=3739506 sinkReads=2505              
